Workbook

Sheet Tomato Lines
A1: Tomato breeding line evaluation trial Princeton Center 2026 summer
A2: EN | B2: Entries/Lines | C2: Note | D2: Plant number in field | E2: Growth habit | F2: Type | G2: Color | H2: Other notes
A3: 1 | B3: UKYT-25-001 | C3: Breeding Trial | D3: 4 | E3: Indeterminate | F3: grape tomato | G3: pink | H3: supposedly resistance to late blight, some have root knot nematode resistance, fusarium wilt, verticillium wilt and tomato mosaic virus resistance (need to be tested for other disease markers)
A4: 2 | B4: UKYT-25-002 | C4: Breeding Trial | D4: 4 | E4: Indeterminate | F4: grape tomato | G4: orange
A5: 3 | B5: UKYT-25-003 | C5: Breeding Trial | D5: 4 | E5: Indeterminate | F5: grape tomato | G5: purple
A6: 4 | B6: UKYT-25-004 | C6: Breeding Trial | D6: 4 | E6: Indeterminate | F6: grape tomato | G6: yellow with green stripes
A7: 5 | B7: UKYT-25-005 | C7: Breeding Trial | D7: 4 | E7: Indeterminate | F7: grape tomato | G7: yellow
A8: 6 | B8: UKYT-25-006 | C8: Breeding Trial | D8: 4 | E8: Indeterminate | F8: grape tomato | G8: red with green stripes
A9: 7 | B9: UKYT-25-007 | C9: Breeding Trial | D9: 4 | E9: Indeterminate | F9: grape tomato | G9: orange with green stripes
A10: 8 | B10: UKYT-25-008 | C10: Breeding Trial | D10: 4 | E10: Indeterminate | F10: grape tomato | G10: red with green stripes
A11: 9 | B11: UKYT-25-009 | C11: Breeding Trial | D11: 4 | E11: Indeterminate | F11: grape tomato | G11: orange with green stripes
A12: 10 | B12: UKYT-25-010 | C12: Breeding Trial | D12: 4 | E12: Indeterminate | F12: grape tomato | G12: red with green stripes
A13: 11 | B13: UKYT-25-011 | C13: Breeding Trial | D13: 4 | E13: Indeterminate | F13: grape tomato | G13: red with green stripes
A14: 12 | B14: UKYT-25-012 | C14: Breeding Trial | D14: 4 | E14: Indeterminate | F14: grape tomato | G14: orange
A15: 13 | B15: UKYT-25-013 | C15: Breeding Trial | D15: 4 | E15: Indeterminate | F15: grape tomato | G15: red with green stripes
... A19: 17 | B19: UKYT-25-017 | C19: Breeding Trial | D19: 4 | E19: Indeterminate | F19: grape tomato | G19: red with green stripes
A20: 18 | B20: UKYT-26-001 | C20: Breeding Trial | D20: 4 | E20: Determinate | F20: medium fruit size with blocky shape | G20: red | H20: resistance to bacterial wilt, fusarium wilt and root knot nematode
A21: 19 | B21: UKYT-26-006 | C21: Breeding Trial | D21: 4 | E21: Determinate | F21: grape tomato | G21: red | H21: resistance to late blight, TMV and fusarium
A22: 20 | B22: UKYT-26-011 | C22: Breeding Trial | D22: 4 | E22: Indeterminate | F22: large tomatoes | G22: pink | H22: resistance to late blight and possibly other diseases (need to be tested for markers)
A23: 21 | B23: UKYT-26-012 | C23: Breeding Trial | D23: 4 | E23: Indeterminate | F23: large tomatoes | G23: red
A24: 22 | B24: UKYT-26-013 | C24: Breeding Trial | D24: 4 | E24: Indeterminate | F24: large tomatoes | G24: purple
A25: 23 | B25: UKYT-26-014 | C25: Breeding Trial | D25: 4 | E25: Determinate | F25: large tomatoes | G25: pink
A26: 24 | B26: UKYT-26-015 | C26: Breeding Trial | D26: 4 | E26: Indeterminate | F26: grape tomato | G26: orange with green stripes
A27: 25 | B27: UKYT-26-016 | C27: Breeding Trial | D27: 4 | E27: Indeterminate | F27: large tomatoes | G27: pink
A28: 26 | B28: UKYT-26-017 | C28: Breeding Trial | D28: 4 | E28: Determinate | F28: large tomatoes | G28: purple
A29: 27 | B29: UKYT-26-018 | C29: Breeding Trial | D29: 4 | E29: Determinate | F29: large tomatoes | G29: purple
A30: 28 | B30: UKYT-26-019 | C30: Breeding Trial | D30: 4 | E30: Determinate | F30: large tomatoes | G30: yellow, red bicolor
A31: 29 | B31: UKYT-26-020 | C31: Breeding Trial | D31: 4 | E31: Indeterminate | F31: large tomatoes | G31: red
A32: 30 | B32: UKYT-26-021 | C32: Breeding Trial | D32: 4 | E32: Indeterminate | F32: large tomatoes | G32: red with yellow stripes
A33: 31 | B33: UKYT-26-022 | C33: Breeding Trial | D33: 4 | E33: Indeterminate | F33: large tomatoes | G33: purple with green stripes
A34: 32 | B34: UKYT-26-023 | C34: Breeding Trial | D34: 4 | E34: Indeterminate | F34: large tomatoes | G34: red
... A52: 50 | B52: Cherokee Purple | C52: Breeding Trial | D52: 4 | E52: Indeterminate | F52: large tomatoes | G52: purple
A53: 51 | B53: NC 25202G | C53: Hybrid evaluation | D53: 4 | E53: Indeterminate | F53: large tomatoes | G53: red | H53: Need to be tested for disease markers
A54: 52 | B54: NC 25203G | C54: Hybrid evaluation | D54: 4 | E54: Indeterminate | F54: large tomatoes | G54: purple
A55: 53 | B55: NC 25205G | C55: Hybrid evaluation | D55: 4 | E55: Indeterminate | F55: large tomatoes | G55: red
A56: 54 | B56: NC 25207G | C56: Hybrid evaluation | D56: 4 | E56: Indeterminate | F56: large tomatoes | G56: pink
A57: 55 | B57: NC 25208G | C57: Hybrid evaluation | D57: 4 | E57: Indeterminate | F57: large tomatoes | G57: red
A58: 56 | B58: NC 25209G | C58: Hybrid evaluation | D58: 4 | E58: Indeterminate | F58: large tomatoes | G58: pink
A59: 57 | B59: NC 25210G | C59: Hybrid evaluation | D59: 4 | E59: Indeterminate | F59: large tomatoes | G59: red
A60: 58 | B60: NC 25212G | C60: Hybrid evaluation | D60: 4 | E60: Indeterminate | F60: large tomatoes | G60: pink
A61: 59 | B61: NC 25217G | C61: Hybrid evaluation | D61: 4 | E61: Indeterminate | F61: large tomatoes | G61: red
A62: 60 | B62: NC 25230G | C62: Hybrid evaluation | D62: 4 | E62: Indeterminate | F62: large tomatoes | G62: pink
A63: 61 | B63: NC 25231G | C63: Hybrid evaluation | D63: 4 | E63: Indeterminate | F63: large tomatoes | G63: pink
A64: 62 | B64: NC 25240G | C64: Hybrid evaluation | D64: 4 | E64: Indeterminate | F64: large tomatoes | G64: pink
A65: 63 | B65: NC 25241G | C65: Hybrid evaluation | D65: 4 | E65: Indeterminate | F65: large tomatoes | G65: pink
... A85: 83 | B85: Mountain Gem | C85: Hybrid evaluation | D85: 4 | E85: Determinate | F85: large tomatoes | G85: red

Sheet Layout
A1: Entries/Lines | B1: Fruit/Habit | D1: Entries/Lines | E1: Fruit/Habit | G1: Entries/Lines | H1: Fruit/Habit | J1: Entries/Lines | K1: Fruit/Habit | M1: Entries/Lines | N1: Fruit/Habit
A3: UKYT-25-017 | B3: GR/I | G3: UKYT-26-036 | H3: L/D | M3: NC 25317G | N3: L/D
A4: UKYT-25-016 | B4: GR/I | D4: UKYT-26-031 | E4: L/I | G4: UKYT-26-032 | H4: L/D | J4: NC 25241G | K4: L/I | M4: NC 25315G | N4: L/D
A5: UKYT-25-015 | B5: GR/I | D5: UKYT-26-030 | E5: L/I | G5: UKYT-26-019 | H5: L/D | J5: NC 25240G | K5: L/I | M5: NC 25313G | N5: L/D
A6: UKYT-25-014 | B6: GR/I | D6: UKYT-26-029 | E6: L/I | G6: UKYT-26-018 | H6: L/D | J6: NC 25231G | K6: L/I | M6: NC 25311G | N6: L/D
A7: UKYT-25-013 | B7: GR/I | D7: UKYT-26-028 | E7: L/I | G7: UKYT-26-017 | H7: L/D | J7: NC 25230G | K7: L/I | M7: NC 25306G | N7: L/D
A8: UKYT-25-012 | B8: GR/I | D8: UKYT-26-027 | E8: L/I | G8: UKYT-26-016 | H8: L/D | J8: NC 25217G | K8: L/I | M8: NC 25304G | N8: L/D
A9: UKYT-25-011 | B9: GR/I | D9: UKYT-26-026 | E9: L/I | G9: UKYT-26-015 | H9: L/D | J9: NC 25212G | K9: L/I | M9: NC 25218G | N9: L/D
A10: UKYT-25-010 | B10: GR/I | D10: UKYT-26-025 | E10: L/I | G10: UKYT-26-014 | H10: L/D | J10: NC 25210G | K10: L/I | M10: Mountain Magic | N10: L/D
A11: UKYT-25-009 | B11: GR/I | D11: UKYT-26-024 | E11: L/I | G11: Mountain Fresh Plus | H11: L/D | J11: NC 25209G | K11: L/I | M11: Mountain Girl | N11: L/D
A12: UKYT-25-008 | B12: GR/I | D12: UKYT-26-023 | E12: L/I | G12: UKYT-26-001 | H12: MB/SD | J12: NC 25208G | K12: L/I | M12: Mountain Heritage | N12: L/D
A13: UKYT-25-007 | B13: GR/I | D13: UKYT-26-022 | E13: L/I | G13: UKYT-26-039 | H13: L/I | J13: NC 25207G | K13: L/I | M13: Mountain Gem | N13: L/D
A14: UKYT-25-006 | B14: GR/I | D14: UKYT-26-021 | E14: L/I | G14: UKYT-26-038 | H14: L/I | J14: NC 25205G | K14: L/I | M14: NC 264G | N14: L/I
A15: UKYT-25-005 | B15: GR/I | D15: UKYT-26-020 | E15: L/I | G15: UKYT-26-037 | H15: L/I | J15: NC 25203G | K15: L/I | M15: NC 263G | N15: L/I
... A19: UKYT-25-001 | B19: GR/I | D19: UKYT-26-006 | E19: GL/I | G19: Cherokee Purple | H19: L/I | J19: NC 23706G | K19: L/I | M19: NC 252G | N19: L/I
A21: Row 1 | D21: Row 2 | G21: Row 3 | J21: Row 4 | M21: Row 5
A22: 68 plants | D22: 64 plants | G22: 68 plants | J22: 64 plants | M22: 68 plants
A23: 102 feet long | D23: 96 feet long | G23: 102 feet long | J23: 96 feet long | M23: 102 feet long
A25: Breeding Trial | I25: Hybrid Evaluation
A27: GR | B27: Grape fruit type | G27: 7-ft center-to-center rows | J27: 83 lines | M27: ↑
A28: GL | B28: Globe fruit shape | G28: 18-in plant spacing | J28: 332 plants total | M28: North
A29: MB | B29: Medium size, blocky fruit shape | G29: 36-ft total plot width | J29: 10 metal end posts
A30: I | B30: Indeterminate | G30: 2856 sq. ft. total area | J30: 161 treated 6-ft stakes
A31: SD | B31: Semi-determinate | G31: 0.084 acres
A32: D | B32: Determinate | G32: 0.091 acres with 110-ft plastic

Sheet Record Sheets
A1: UKREC Tomato Advanced Breeding Line Trial - May 14, 2026 Planting
A2: Row | B2: Harvest Date: | F2: Harvest Date: | J2: Harvest Date:
A3: 1 | B3: Marketable | D3: Cull | F3: Marketable | H3: Cull | J3: Marketable | L3: Cull
A4: Entry/Line | B4: Fruit # | C4: Weight | D4: Fruit # | E4: Weight | F4: Fruit # | G4: Weight | H4: Fruit # | I4: Weight | J4: Fruit # | K4: Weight | L4: Fruit # | M4: Weight
A5: UKYT-25-001
A6: UKYT-25-002
A7: UKYT-25-003
A8: UKYT-25-004
A9: UKYT-25-005
A10: UKYT-25-006
A11: UKYT-25-007
A12: UKYT-25-008
A13: UKYT-25-009
A14: UKYT-25-010
A15: UKYT-25-011
A16: UKYT-25-012
... A22: UKREC Tomato Advanced Breeding Line Trial - May 14, 2026 Planting
A23: Row | B23: Harvest Date: | F23: Harvest Date: | J23: Harvest Date:
A24: 2 | B24: Marketable | D24: Cull | F24: Marketable | H24: Cull | J24: Marketable | L24: Cull
A25: Entry/Line | B25: Fruit # | C25: Weight | D25: Fruit # | E25: Weight | F25: Fruit # | G25: Weight | H25: Fruit # | I25: Weight | J25: Fruit # | K25: Weight | L25: Fruit # | M25: Weight
A26: UKYT-26-006
A27: UKYT-26-011
A28: UKYT-26-012
A29: UKYT-26-013
A30: UKYT-26-020
A31: UKYT-26-021
A32: UKYT-26-022
A33: UKYT-26-023
A34: UKYT-26-024
A35: UKYT-26-025
A36: UKYT-26-026
A37: UKYT-26-027
... A43: UKREC Tomato Advanced Breeding Line Trial - May 14, 2026 Planting
A44: Row | B44: Harvest Date: | F44: Harvest Date: | J44: Harvest Date:
A45: 3 | B45: Marketable | D45: Cull | F45: Marketable | H45: Cull | J45: Marketable | L45: Cull
A46: Entry/Line | B46: Fruit # | C46: Weight | D46: Fruit # | E46: Weight | F46: Fruit # | G46: Weight | H46: Fruit # | I46: Weight | J46: Fruit # | K46: Weight | L46: Fruit # | M46: Weight
A47: Cherokee Purple
A48: UKYT-26-033
A49: UKYT-26-034
A50: UKYT-26-035
A51: UKYT-26-037
A52: UKYT-26-038
A53: UKYT-26-039
A54: UKYT-26-001
A55: Mountain Fresh Plus
A56: UKYT-26-014
A57: UKYT-26-015
A58: UKYT-26-016
... A64: UKREC Tomato Advanced Breeding Line Trial - May 14, 2026 Planting
A65: Row | B65: Harvest Date: | F65: Harvest Date: | J65: Harvest Date:
A66: 4 | B66: Marketable | D66: Cull | F66: Marketable | H66: Cull | J66: Marketable | L66: Cull
A67: Entry/Line | B67: Fruit # | C67: Weight | D67: Fruit # | E67: Weight | F67: Fruit # | G67: Weight | H67: Fruit # | I67: Weight | J67: Fruit # | K67: Weight | L67: Fruit # | M67: Weight
A68: NC 23706G
A69: NC 23926G
A70: NC 24271G
A71: NC 25202G
A72: NC 25203G
A73: NC 25205G
A74: NC 25207G
A75: NC 25208G
A76: NC 25209G
A77: NC 25210G
A78: NC 25212G
A79: NC 25217G
... A85: UKREC Tomato Advanced Breeding Line Trial - May 14, 2026 Planting
A86: Row | B86: Harvest Date: | F86: Harvest Date: | J86: Harvest Date:
A87: 5 | B87: Marketable | D87: Cull | F87: Marketable | H87: Cull | J87: Marketable | L87: Cull
A88: Entry/Line | B88: Fruit # | C88: Weight | D88: Fruit # | E88: Weight | F88: Fruit # | G88: Weight | H88: Fruit # | I88: Weight | J88: Fruit # | K88: Weight | L88: Fruit # | M88: Weight
A89: NC 252G
A90: NC 255G
A91: NC 261G
A92: NC 262G
A93: NC 263G
A94: NC 264G
A95: Mountain Gem
A96: Mountain Heritage
A97: Mountain Girl
A98: Mountain Magic
A99: NC 25218G
A100: NC 25304G
... A106: UKREC Tomato Advanced Breeding Line Trial - May 14, 2026 Planting
A107: Row 1 | B107: Entry/Line Notes:
A108: UKYT-25-001
A109: UKYT-25-002
A110: UKYT-25-003
A111: UKYT-25-004
A112: UKYT-25-005
A113: UKYT-25-006
A114: UKYT-25-007
A115: UKYT-25-008
A116: UKYT-25-009
A117: UKYT-25-010
A118: UKYT-25-011
A119: UKYT-25-012
... A125: UKREC Tomato Advanced Breeding Line Trial - May 14, 2026 Planting
A126: Row 2 | B126: Entry/Line Notes:
A127: UKYT-26-006
A128: UKYT-26-011
A129: UKYT-26-012
A130: UKYT-26-013
...

Sheet Mgmnt. Notes
A1: Summer Trial | M1: Summer Notes
A2: 0.091 acre plot area: 5 rows 110-ft long = 550-ft, ≈7-ft bed-to-bed, 36-ft x 110-ft = 3960 sq. ft. | M2: UKYT-26-001, NC25207G, & NC25240G have only 3 plants due to poor germination
A3: 46156 | B3: Planted and 1 cup of 12-48-8 starter fertilizer per plant (1.25 lb in 25 gallon = 5 lb/100) | M3: UKYT-26-017, UKYT-26-028, & UKYT-25-016 had 1 plant break off at base during first stringing
A4: 46171 | B4: Fertilized with double rate, 8.8 lb (4 kg) of calcium nitrate (15.5-0-0) | M4: 1 undersize plant each: UKYT-25-016, UKYT-26-025, UKYT-26-033, UKYT-26-001, NC2541G, NC25230G, NC25217G, NC23926G
B5: Last weeks fertilizer dose missed due to soil saturation | N5: Same plants in UKYT-26-025, NC25241G, NC25217G, NC23926G have foliar disease/distortion?
A6: 46179 | B6: First stringing and pruning/suckering at base of plants | N6: UKYT-26-001 has 1 undersized plant & 1 with foliar disease/distortion?
B7: Fertilized with weekly rate, 4.4 lb (2 kg) of calcium nitrate (15.5-0-0) | M7: 5-day heat 7/1-5 (90.2-95.8°F H, 68.9-74.4°F L) caused flower abortion
B8: Sprayed with of 4 oz Manzate Pro Stick and Cuprofix Ultra Disperse (=2.75 lb/A each) | M8: 5-day heat 7/17-21 (90.2-93.7°F H,73.0-76.2°F L) caused flower abortion
A9: 46185 | B9: Pruning/suckering at base of plants on three rows | M9: 7-day heat 8/10-16 (90.0-95.8°F H, 73.6-78.4°F L) caused flower abortion
A10: 46188 | B10: Pruning/suckering at base of plants on two rows and second stringing all rows | M10: 7-day heat 8/31-9/6 (93.7-100.6°F H, 69.4-72.8°F L) caused flower and fruit abortion
A11: 46189 | B11: Fertilized with weekly rate, 4.4 lb (2 kg) of calcium nitrate (15.5-0-0)
A12: 46190 | B12: Third stringing of canopy along all rows
B13: Sprayed 4 oz (2.75 lb/A) Manzate Pro Stick and 0.5 fl oz (5.5 fl oz/A) Quadris Flowable
A14: 46196 | B14: Fourth stringing of canopy along all rows
A15: 46197 | B15: Fertilized with weekly rate, 4.4 lb (2 kg) of calcium nitrate (15.5-0-0)
A16: 46204 | B16: Fertilized with weekly rate, 4.4 lb (2 kg) of calcium nitrate (15.5-0-0)
A17: 46206 | B17: Sprayed 4 oz (2.75 lb/A) Manzate Pro Stick, 2 fl oz (22 fl oz/A) Fontelis, and 5 fl oz (1.72 qt/A) Sevin XLR Plus
A18: 46217 | B18: 1st harvest from across block, some varieties not yet harvested
B19: Sprayed 4 oz (2.75 lb/A) Manzate Pro Stick, 0.5 fl oz (5.5 fl oz/A) Quadris Flowable, & 1 fl oz Danitol (10.67 fl oz/A)
A20: 46218 | B20: Fertilized with weekly rate, 4.4 lb (2 kg) of calcium nitrate (15.5-0-0)
B21: Double rate not used during harvest, due to risk of calcium goint to excess growth (↑ blossom end rot)
A22: 46225 | B22: 2nd harvest from across block, some varieties not yet harvested
B23: Fifth stringing of canopy along all rows
A24: 46226 | B24: Fertilized with weekly rate, 4.4 lb (2 kg) of calcium nitrate (15.5-0-0)
B25: Sprayed 4 oz Cuprofix Ultra Disperse (2.75 lb/A), 2.5 oz (1.7 lb/A) Dipel DF, & 3 fl oz (2 pt/A) Initiate 720
A26: 46232 | B26: 3rd harvest from across block, all varieties harvested
A27: 46233 | B27: 3rd harvest from across block, all varieties harvested
B28: Sixth stringing of canopy along all rows
B29: Sprayed 4 oz Cuprofix (2.75 lb/A), 2 fl oz (22 fl oz/A) Fontelis, & 5 fl oz Sevin XLR Plus
A30: 46234 | B30: Fertilized with weekly rate, 4.4 lb (2 kg) of calcium nitrate (15.5-0-0)
A31: 46240 | B31: Sprayed 4 oz Cuprofix (2.75 lb/A), 3 fl oz (2 pt/A) Initiate 720, & 1 fl oz (11 fl oz/A) Danitol
A32: 46241 | B32: 4th harvest from across block, all varieties harvested
A33: 46248 | B33: Fertilized with weekly rate, 4.4 lb (2 kg) of calcium nitrate (15.5-0-0)
B34: Sprayed 4 oz Cuprofix (2.75 lb/A), 2 fl oz (22 fl oz/A) Fontelis, 5 fl oz Sevin , & 8 ml Macho (whiteflies)
A35: 46251 | B35: 5th harvest from rows 1 through 3
A36: 46252 | B36: 5th harvest from rows 4 and 5
A37: 46255 | B37: Sprayed 4 oz Cuprofix (2.75 lb/A), 2.5 oz (1.7 lb/A) Dipel; 3 fl oz (2 pt/A) Initiate, & 2 fl oz (1.5 pt/A) Malathion (whiteflies)
A38: 46258 | B38: 6th harvest from across block, all varieties harvested
B39: Fertilized with weekly rate, 4.4 lb (2 kg) of potassium nitrate (13-0-44)
A40: 46262 | B40: Sprayed 4 oz Cuprofix (2.75 lb/A), 2 fl oz (22 fl oz/A) Fontelis, & 5 fl oz Sevin
A41: 46266 | B41: 7th harvest from across block, all varieties harvested
A42: 46269 | B42: Fertilized with weekly rate, 4.4 lb (2 kg) of calcium nitrate (15.5-0-0)
B43: Sprayed 4 oz Cuprofix (2.75 lb/A), 2.5 oz (1.7 lb/A) Dipel; 3 fl oz (2 pt/A) Initiate, & 13.5 ml (5 fl oz/A) Macho (spider mites)
A44: 46273 | B44: 8th harvest from across block, all varieties harvested
A45: 46276 | B45: Sprayed 4 oz Cuprofix (2.75 lb/A), 0.5 fl oz (5.6 fl oz/A) Quadris, 5 fl oz Sevin
A46: 46279 | B46: Fertilized with weekly rate, 4.4 lb (2 kg) of potassium nitrate (13-0-44)
A47: 46281 | B47: 9th harvest from across block, all varieties harvested
A48: 46283 | B48: Sprayed 4 oz Cuprofix (2.75 lb/A), 3 fl oz (2 pt/A) Initiate 720, & 1 fl oz (11 fl oz/A) Danitol using 5 gallons & A-3 gear
A49: 46290 | B49: 10th harvest from across block, all varieties harvested, last data collection
A50: 46294 | B50: Sprayed 2.5 oz (1.7 lb/A) of Dipel DF using 5 gallons & A-3 gear
A54: Fall Trial - no disease management | M54: Fall Notes
A55: 0.091 acre plot area = 5 rows 110-ft long = 660-ft / 43,560 or (36-ft x 110-ft = 3960 sq. ft.) | M55: 7-day heat 8/10-16 (90.0-95.8°F H, 73.6-78.4°F L) caused flower abortion
A56: 46225 | B56: Planted and irrigated immediately to saturate soil and reduce wilting | M56: 7-day heat 8/31-9/6 (93.7-100.6°F H, 69.4-72.8°F L) caused flower and fruit abortion
B57: Expected first harvest on 9/21 and second harvest on 9/29
A58: 46233 | B58: Applied 1 cup of 12-48-8 starter fertilizer per plant (1.25 lb in 25 gallon = 5 lb/100)
A59: 46246 | B59: First stringing and pruning/suckering at base of plants
A60: 46248 | B60: Fertilized with weekly rate, 4.4 lb (2 kg) of calcium nitrate (15.5-0-0)
A61: 46251 | B61: Second stringing and pruning/suckering at base of plants
B62: Sprayed 2.5 oz (1.7 lb/A) Dipel DF for tomato fruitworm
A63: 46258 | B63: Fertilized with weekly rate, 4.4 lb (2 kg) of potassium nitrate (13-0-44)
B64: Third stringing and pruning/suckering at base of plants
B65: Sprayed 5 fl. oz. (3.4 pt/A) Sevin for tomato fruitworm
A66: 46269 | B66: Fertilized with weekly rate, 4.4 lb (2 kg) of calcium nitrate (15.5-0-0)
B67: Sprayed 2.5 oz (1.7 lb/A) Dipel & 13.5 ml (5 fl oz/A) Macho (spider mites)
A68: 46274 | B68: Fourth stringing of canopy along all rows
A69: 46276 | B69: Sprayed 5 fl oz Sevin for tomato fruit worm
A70: 46279 | B70: Fertilized with weekly rate, 4.4 lb (2 kg) of potassium nitrate (13-0-44)
A71: 46283 | B71: Sprayed 1 fl oz (11 fl oz/A) Danitol for tomato fruit worm using 5 gallons & A-3 gear
A72: 46289 | B72: Fifth stringing of canopy along all rows
B73: Fertilized with weekly rate, 4.4 lb (2 kg) of calcium nitrate (15.5-0-0)
A74: 46290 | B74: 1st harvest from some varieties, no data collected
A75: 46294 | B75: Sprayed 2.5 oz (1.7 lb/A) of Dipel DF using 5 gallons & A-3 gear
A76: 46296 | B76: Fertilized with 16 oz potassium nitrate as planting is 10 weeks past transplant

Sheet Cull & Tasting Notes
A1: Row | B1: Entry/Line | C1: Fruit type | D1: Color | E1: Reasons for Culls | G1: Taste Rating | H1: Tasting Notes (7/29-30), 1=poor, 2=fair, 3=good, 4=very good, 5=excellent
A2: 1 | B2: UKYT-25-001 | C2: oval grape | D2: pink | E2: rain cracking, sunburn | G2: 2 | H2: bland but firm, crunchy texture
A3: 1 | B3: UKYT-25-002 | C3: egg shaped grape | D3: orange | E3: rough skin/rain cracking | G3: 2 | H3: bland, very firm, very tough skin
A4: 1 | B4: UKYT-25-003 | C4: oval grape | D4: puple | E4: sun burn | G4: 3 | H4: good but could be better
A5: 1 | B5: UKYT-25-004 | C5: egg shaped grape | D5: yellow w/green stripes | E5: rough skin/rain cracking | G5: 3 | H5: balanced acidity but tough skin
A6: 1 | B6: UKYT-25-005 | C6: pear | D6: yelow | E6: rain cracking, sunburn, blossom end rot | G6: 2 | H6: bland but crunchy, firm texture, fruit detaches/drops easily when picked
A7: 1 | B7: UKYT-25-006 | C7: egg shaped grape | D7: red w/green stripes | E7: rain cracking | G7: 2 | H7: bland but crunchy, firm texture
A8: 1 | B8: UKYT-25-007 | C8: egg shaped grape | D8: orange w/green stripes | E8: rain cracking | G8: 2 | H8: bland but crunchy, firm texture
A9: 1 | B9: UKYT-25-008 | C9: egg shaped grape | D9: red w/green stripes | E9: rough skin/rain cracking | G9: 3 | H9: good, firm, crunchy, but skin is tough
A10: 1 | B10: UKYT-25-009 | C10: egg shaped grape | D10: orange w/green stripes | E10: rough skin/rain cracking, blossom end rot | G10: 2 | H10: bland but crunchy, firm texture
A11: 1 | B11: UKYT-25-010 | C11: egg shaped grape | D11: red w/green stripes | E11: rough skin/rain cracking | G11: 3 | H11: more like traditional cherry flavor, tough skin
A12: 1 | B12: UKYT-25-011 | C12: egg shaped grape | D12: red w/green stripes | E12: rain cracking | G12: 3 | H12: good but could be better
A13: 1 | B13: UKYT-25-012 | C13: egg shaped grape | D13: orange | E13: rough skin, rain cracking | G13: 2 | H13: bland, crunch, firm, tough skin
... A88: 5 | B88: NC 25317G | C88: slicer | D88: pink | E88: rain cracking, misshapen fruit, rot | G88: 2 | H88: bland, but good texture, soft-smooth skin

Sheet Filled Record Sheet
C1: Harvest 1 (7/14, 61 days from planting) | H1: Harvest 2 (7/22, 69 days from planting) | M1: Harvest 3 (7/29, 76 days from planting) | R1: Harvest 4 (8/7, 85 days from planting) | W1: Harvest 5 (8/17, 95 days from planting) | AB1: Harvest 6 (8/24, 102 days from planting) | AG1: Harvest 7 (9/1, 110 days from planting) | AL1: Harvest 8 (9/8, 117 days from planting) | AQ1: Harvest 9 (9/16, 125 days from planting) | AV1: Harvest 10 (9/25, 134 days from planting)
C2: Marketable (lb) | E2: Cull (lb) | H2: Marketable (lb) | J2: Cull (lb) | M2: Marketable (lb) | O2: Cull (lb) | R2: Marketable (lb) | T2: Cull (lb) | W2: Marketable (lb) | Y2: Cull (lb) | AB2: Marketable (lb) | AD2: Cull (lb) | AG2: Marketable (lb) | AI2: Cull (lb) | AL2: Marketable (lb) | AN2: Cull (lb) | AQ2: Marketable (lb) | AS2: Cull (lb) | AV2: Marketable (lb) | AX2: Cull (lb)
A3: Row | B3: Entry/Line | C3: Fruit # | D3: Weight | E3: Fruit # | F3: Weight | H3: Fruit # | I3: Weight | J3: Fruit # | K3: Weight | M3: Fruit # | N3: Weight | O3: Fruit # | P3: Weight | R3: Fruit # | S3: Weight | T3: Fruit # | U3: Weight | W3: Fruit # | X3: Weight | Y3: Fruit # | Z3: Weight | AB3: Fruit # | AC3: Weight | AD3: Fruit # | AE3: Weight | AG3: Fruit # | AH3: Weight | AI3: Fruit # | AJ3: Weight | AL3: Fruit # | AM3: Weight | AN3: Fruit # | AO3: Weight | AQ3: Fruit # | AR3: Weight | AS3: Fruit # | AT3: Weight | AV3: Fruit # | AW3: Weight | AX3: Fruit # | AY3: Weight
A4: 1 | B4: UKYT-25-001 | C4: 22 | D4: 0.76 | E4: 34 | F4: 1.14 | H4: 94 | I4: 2.34 | J4: 26 | K4: 0.62 | M4: 76 | N4: 1.86 | O4: 16 | P4: 0.35 | R4: . | S4: 3.46 | T4: . | U4: 0.68 | W4: . | X4: 1.88 | Y4: . | Z4: 0.58 | AB4: . | AC4: 5.51 | AD4: . | AE4: 0.45 | AG4: . | AH4: 3.63 | AI4: . | AJ4: 0.49 | AL4: . | AM4: 2.46 | AN4: . | AO4: 0.12 | AQ4: . | AR4: 3.65 | AS4: . | AT4: 1.68 | AV4: . | AW4: 1.72 | AX4: . | AY4: 2.63 | BA4: Yellow = grape tomato (fruit # of 3 harvests)
A5: 1 | B5: UKYT-25-002 | C5: 22 | D5: 1.33 | E5: 1 | F5: 0.06 | H5: 32 | I5: 4.87 | J5: 40 | K5: 2.68 | M5: 92 | N5: 3.66 | O5: 16 | P5: 0.62 | R5: . | S5: 3.61 | T5: . | U5: 0.92 | W5: . | X5: 1.03 | Y5: . | Z5: 0.94 | AB5: . | AC5: 3.33 | AD5: . | AE5: 1.13 | AG5: . | AH5: 2.15 | AI5: . | AJ5: 0.94 | AL5: . | AM5: 0.95 | AN5: . | AO5: 0.24 | AQ5: . | AR5: 0.79 | AS5: . | AT5: 1.63 | AV5: . | AW5: 1.14 | AX5: . | AY5: 1.49
A6: 1 | B6: UKYT-25-003 | C6: 31 | D6: 1.16 | E6: 11 | F6: 0.39 | H6: 62 | I6: 2.65 | J6: 24 | K6: 0.71 | M6: 60 | N6: 1.65 | O6: 7 | P6: 0.17 | R6: . | S6: 6.23 | T6: . | U6: 0.62 | W6: . | X6: 2.86 | Y6: . | Z6: 0.74 | AB6: . | AC6: 5.36 | AD6: . | AE6: 0.41 | AG6: . | AH6: 3.74 | AI6: . | AJ6: 0.59 | AL6: . | AM6: 2.08 | AN6: . | AO6: 0.31 | AQ6: . | AR6: 2.83 | AS6: . | AT6: 1.32 | AV6: . | AW6: 2.11 | AX6: . | AY6: 0.56
A7: 1 | B7: UKYT-25-004 | C7: 23 | D7: 1.34 | E7: 7 | F7: 0.4 | H7: 45 | I7: 2.5 | J7: 33 | K7: 1.72 | M7: 114 | N7: 4.36 | O7: 9 | P7: 0.32 | R7: . | S7: 6.09 | T7: . | U7: 0.38 | W7: . | X7: 1.13 | Y7: . | Z7: 0.15 | AB7: . | AC7: 5.31 | AD7: . | AE7: 0.37 | AG7: . | AH7: 3.39 | AI7: . | AJ7: 0.49 | AM7: 0.5 | AN7: . | AO7: 0.11 | AQ7: . | AR7: 1.84 | AS7: . | AT7: 1.83 | AV7: . | AW7: 1.63 | AX7: . | AY7: 1.26
A8: 1 | B8: UKYT-25-005 | C8: 7 | D8: 0.42 | E8: 6 | F8: 0.37 | H8: 36 | I8: 1.73 | J8: 35 | K8: 1.64 | M8: 55 | N8: 2.05 | O8: 22 | P8: 0.67 | R8: . | S8: 4.21 | T8: . | U8: 0.89 | W8: . | X8: 4.84 | Y8: . | Z8: 0.8 | AB8: . | AC8: 3.51 | AD8: . | AE8: 0.09 | AG8: . | AH8: 6.06 | AI8: . | AJ8: 0.29 | AL8: . | AM8: 2.59 | AN8: . | AO8: 0.13 | AQ8: . | AR8: 3.71 | AS8: . | AT8: 0.16 | AV8: . | AW8: 6.64 | AX8: . | AY8: 0.25
A9: 1 | B9: UKYT-25-006 | C9: 26 | D9: 1.36 | E9: 0 | F9: 0 | H9: 52 | I9: 2.78 | J9: 29 | K9: 1.37 | M9: 140 | N9: 5.88 | O9: 28 | P9: 1.03 | R9: . | S9: 4.13 | T9: . | U9: 0.58 | W9: . | X9: 1.55 | Y9: . | Z9: 0.53 | AB9: . | AC9: 2.54 | AD9: . | AE9: 0.3 | AG9: . | AH9: 3.92 | AI9: . | AJ9: 0.12 | AL9: . | AM9: 1.01 | AN9: . | AO9: 0.31 | AQ9: . | AR9: 3.69 | AS9: . | AT9: 1.89 | AV9: . | AW9: 2.78 | AX9: . | AY9: 0.83
A10: 1 | B10: UKYT-25-007 | C10: 36 | D10: 2.35 | E10: 0 | F10: 0 | H10: 81 | I10: 5.13 | J10: 28 | K10: 1.56 | M10: 115 | N10: 5.08 | O10: 5 | P10: 0.19 | R10: . | S10: 3.9 | T10: . | U10: 0.08 | W10: . | X10: 1.35 | Y10: . | Z10: 0.23 | AB10: . | AC10: 5.18 | AD10: . | AE10: 0.38 | AG10: . | AH10: 3.52 | AI10: . | AJ10: 0.81 | AL10: . | AM10: 1.54 | AN10: . | AO10: 0.57 | AQ10: . | AR10: 2.04 | AS10: . | AT10: 2.42 | AV10: . | AW10: 3.19 | AX10: . | AY10: 0.9
A11: 1 | B11: UKYT-25-008 | C11: 18 | D11: 1.25 | E11: 5 | F11: 0.32 | H11: 56 | I11: 3.48 | J11: 29 | K11: 1.81 | M11: 47 | N11: 2.1 | O11: 5 | P11: 0.23 | R11: . | S11: 4.44 | T11: . | U11: 1.19 | W11: . | X11: 0.75 | Y11: . | Z11: 1.14 | AB11: . | AC11: 1.85 | AD11: . | AE11: 0.71 | AG11: . | AH11: 2.88 | AI11: . | AJ11: 2.33 | AL11: . | AM11: 0.77 | AN11: . | AO11: 0.29 | AQ11: . | AR11: 2.08 | AS11: . | AT11: 2.45 | AV11: . | AW11: 0.98 | AX11: . | AY11: 1.71
A12: 1 | B12: UKYT-25-009 | C12: 24 | D12: 1.45 | E12: 3 | F12: 0.11 | H12: 90 | I12: 4.9 | J12: 25 | K12: 1.24 | M12: 49 | N12: 2.03 | O12: 11 | P12: 0.48 | R12: . | S12: 4.59 | T12: . | U12: 0.61 | W12: . | X12: 1.44 | Y12: . | Z12: 0.37 | AB12: . | AC12: 4.35 | AD12: . | AE12: 1.26 | AG12: . | AH12: 1.03 | AI12: . | AJ12: 0.69 | AL12: . | AM12: 0 | AN12: . | AO12: 0 | AQ12: . | AR12: 3.14 | AS12: . | AT12: 2.14 | AV12: . | AW12: 1.27 | AX12: . | AY12: 0.95
A13: 1 | B13: UKYT-25-010 | C13: 29 | D13: 1.63 | E13: 8 | F13: 0.4 | H13: 29 | I13: 1.48 | J13: 45 | K13: 2.44 | M13: 58 | N13: 2.96 | O13: 13 | P13: 0.35 | R13: . | S13: 5.21 | T13: . | U13: 1.34 | W13: . | X13: 1.1 | Y13: . | Z13: 1.14 | AB13: . | AC13: 0.69 | AD13: . | AE13: 0.69 | AG13: . | AH13: 2 | AI13: . | AJ13: 1.16 | AL13: . | AM13: 0.58 | AN13: . | AO13: 0.78 | AQ13: . | AR13: 1.2 | AT13: 1.64 | AV13: . | AW13: 2.17 | AX13: . | AY13: 2.1
A14: 1 | B14: UKYT-25-011 | C14: 40 | D14: 2.13 | E14: 7 | F14: 0.27 | H14: 49 | I14: 2.65 | J14: 34 | K14: 1.34 | M14: 51 | N14: 2.63 | O14: 20 | P14: 0.54 | R14: . | S14: 4.84 | T14: . | U14: 1.71 | W14: . | X14: 1.16 | Y14: . | Z14: 1.01 | AB14: . | AC14: 1.18 | AD14: . | AE14: 0.68 | AG14: . | AH14: 1.22 | AI14: . | AJ14: 1.34 | AL14: . | AM14: 0.62 | AN14: . | AO14: 0.18 | AQ14: . | AR14: 1.74 | AS14: . | AT14: 1.33 | AV14: . | AW14: 2.41 | AX14: . | AY14: 2.41
A15: 1 | B15: UKYT-25-012 | C15: 12 | D15: 0.79 | E15: 0 | F15: 0 | H15: 104 | I15: 5.36 | J15: 9 | K15: 0.44 | M15: 110 | N15: 3.58 | O15: 3 | P15: 0.09 | R15: . | S15: 4.86 | T15: . | U15: 0.01 | W15: . | X15: 8.55 | Y15: . | Z15: 0.26 | AB15: . | AC15: 5.13 | AD15: . | AE15: 0.16 | AG15: . | AH15: 1.69 | AI15: . | AJ15: 1.71 | AL15: . | AM15: 0.91 | AN15: . | AO15: 0.2 | AQ15: . | AR15: 2.62 | AS15: . | AT15: 2.51 | AW15: 3.35 | AX15: . | AY15: 2.18
A16: 1 | B16: UKYT-25-013 | C16: 30 | D16: 1.63 | E16: 7 | F16: 0.31 | H16: 127 | I16: 6.11 | J16: 23 | K16: 0.98 | M16: 119 | N16: 3.61 | O16: 8 | P16: 0.27 | R16: . | S16: 5.62 | T16: . | U16: 0.18 | W16: . | X16: 0.98 | Y16: . | Z16: 0.24 | AB16: . | AC16: 6.13 | AD16: . | AE16: 0.3 | AG16: . | AH16: 3.71 | AI16: . | AJ16: 0.38 | AL16: . | AM16: 0.66 | AN16: . | AO16: 0.12 | AQ16: . | AR16: 3.63 | AS16: . | AT16: 3.44 | AV16: . | AW16: 1.76 | AX16: . | AY16: 0.8
A17: 1 | B17: UKYT-25-014 | C17: 40 | D17: 2.24 | E17: 7 | F17: 0.31 | H17: 176 | I17: 6.48 | J17: 9 | K17: 0.34 | M17: 78 | N17: 2.86 | O17: 9 | P17: 0.33 | R17: . | S17: 6.89 | T17: . | U17: 1.78 | W17: . | X17: 1.56 | Y17: . | Z17: 0.49 | AB17: . | AC17: 4.16 | AD17: . | AE17: 2.31 | AG17: . | AH17: 2.78 | AI17: . | AJ17: 1.1 | AL17: . | AM17: 1.36 | AN17: . | AO17: 0.5 | AQ17: . | AR17: 3.33 | AS17: . | AT17: 2.93 | AV17: . | AW17: 1.6 | AX17: . | AY17: 1.54
A18: 1 | B18: UKYT-25-015 | C18: . | D18: . | E18: . | F18: . | H18: 2 | I18: 1.95 | J18: 8 | K18: 5.45 | M18: 4 | N18: 1.65 | O18: 3 | P18: 2.2 | R18: 1 | S18: 0.61 | T18: 1 | U18: 0.48 | W18: 0 | X18: 0 | Y18: 6 | Z18: 1.95 | AB18: 0 | AC18: 0 | AD18: 1 | AE18: 0.35 | AG18: 0 | AH18: 0 | AI18: 0 | AJ18: 0 | AL18: 3 | AM18: 1.35 | AN18: 1 | AO18: 0.9 | AQ18: 5 | AR18: 3.5 | AS18: 3 | AT18: 1.8 | AV18: 0 | AW18: 0 | AX18: 2 | AY18: 0.35
A19: 1 | B19: UKYT-25-016 | C19: 1 | D19: 0.03 | E19: 7 | F19: 0.22 | H19: 24 | I19: 0.69 | J19: 9 | K19: 0.31 | M19: 17 | N19: 0.34 | O19: 3 | P19: 0.04 | R19: . | S19: 0.76 | T19: . | U19: 0.17 | W19: . | X19: 0.16 | Y19: . | Z19: 0.03 | AB19: . | AC19: 0.31 | AD19: . | AE19: 0.31 | AG19: . | AH19: 1.13 | AI19: . | AJ19: 0.16 | AL19: . | AM19: 0.21 | AN19: . | AO19: 0.04 | AQ19: . | AR19: 0.89 | AS19: . | AT19: 0.64 | AV19: . | AW19: 4.61 | AX19: . | AY19: 0.94
A20: 1 | B20: UKYT-25-017 | C20: 18 | D20: 1.28 | E20: 7 | F20: 0.39 | H20: 77 | I20: 5.36 | J20: 20 | K20: 1.09 | M20: 26 | N20: 0.89 | O20: 0 | P20: 0 | R20: . | S20: 7.29 | T20: . | U20: 0.81 | W20: . | X20: 3 | Y20: . | Z20: 0.85 | AB20: . | AC20: 2.05 | AD20: . | AE20: 1.61 | AG20: . | AH20: 3.31 | AI20: . | AJ20: 0.62 | AL20: . | AM20: 2.08 | AN20: . | AO20: 0.18 | AQ20: . | AR20: 4.28 | AS20: . | AT20: 2.09 | AV20: . | AW20: 3.93 | AX20: . | AY20: 1.69
A22: 2 | B22: UKYT-26-006 | C22: 39 | D22: 1.95 | E22: 11 | F22: 0.55 | H22: 151 | I22: 6.63 | J22: 37 | K22: 1.58 | M22: 108 | N22: 3.41 | O22: 7 | P22: 2.12 | R22: . | S22: 1.54 | T22: . | U22: 2.61 | W22: . | X22: 0.56 | Y22: . | Z22: 0.26 | AB22: . | AC22: 1.19 | AD22: . | AE22: 0.55 | AG22: . | AH22: 0.55 | AI22: . | AJ22: 1.01 | AL22: . | AM22: 0.89 | AN22: . | AO22: 0.16 | AQ22: . | AR22: 0.38 | AS22: . | AT22: 0.28 | AV22: . | AW22: 1.86 | AX22: . | AY22: 0.26
A23: 2 | B23: UKYT-26-011 | C23: 0 | D23: 0 | E23: 3 | F23: 3 | H23: 2 | I23: 1.35 | J23: 12 | K23: 11.2 | M23: 1 | N23: 0.65 | O23: 5 | P23: 3.9 | R23: 6 | S23: 2.16 | T23: 6 | U23: 2.08 | W23: 1 | X23: 0.85 | Y23: 5 | Z23: 3.1 | AB23: 1 | AC23: 0.85 | AD23: 0 | AE23: 0 | AG23: 0 | AH23: 0 | AI23: 1 | AJ23: 0.5 | AL23: 5 | AM23: 3.05 | AN23: 7 | AO23: 4 | AQ23: 0 | AR23: 0 | AS23: 2 | AT23: 0.9 | AV23: 2 | AW23: 0.35 | AX23: 5 | AY23: 1.75
A24: 2 | B24: UKYT-26-012 | C24: 3 | D24: 3.35 | E24: 6 | F24: 4.4 | H24: 0 | I24: 0 | J24: 8 | K24: 8.15 | M24: 2 | N24: 1.5 | O24: 4 | P24: 3.35 | R24: 8 | S24: 2.44 | T24: 8 | U24: 2.76 | W24: 2 | X24: 1.75 | Y24: 3 | Z24: 2.35 | AB24: 1 | AC24: 0.7 | AD24: 1 | AE24: 0.7 | AG24: 0 | AH24: 0 | AI24: 0 | AJ24: 0 | AL24: 1 | AM24: 0.15 | AN24: 2 | AO24: 1.25 | AQ24: 3 | AR24: 1.55 | AS24: 0 | AT24: 0 | AV24: 4 | AW24: 2.4 | AX24: 2 | AY24: 0.8
A25: 2 | B25: UKYT-26-013 | C25: 1 | D25: 1.05 | E25: 0 | F25: 0 | H25: 3 | I25: 2.4 | J25: 7 | K25: 6.25 | M25: 1 | N25: 0.65 | O25: 2 | P25: 1.3 | R25: 1 | S25: 0.38 | T25: 9 | U25: 2.58 | W25: 6 | X25: 3.9 | Y25: 4 | Z25: 1.85 | AB25: 12 | AC25: 6.,45 | AD25: 0 | AE25: 0 | AG25: 2 | AH25: 0.75 | AI25: 1 | AJ25: 0.5 | AL25: 5 | AM25: 1.85 | AN25: 2 | AO25: 0.9 | AQ25: 17 | AR25: 6.85 | AS25: 9 | AT25: 3.6 | AV25: 10 | AW25: 3.75 | AX25: 7 | AY25: 1.8
A26: 2 | B26: UKYT-26-020 | C26: . | D26: . | E26: . | F26: . | H26: 1 | I26: 1.05 | J26: 7 | K26: 5.5 | M26: 3 | N26: 1.65 | O26: 2 | P26: 1.85 | R26: 18 | S26: 6.48 | T26: 12 | U26: 4.12 | W26: 0 | X26: 0 | Y26: 5 | Z26: 2.8 | AB26: 0 | AC26: 0 | AD26: 0 | AE26: 0 | AG26: 0 | AH26: 0 | AI26: 1 | AJ26: 0.15 | AL26: 0 | AM26: 0 | AN26: 0 | AO26: 0 | AQ26: 4 | AR26: 2.85 | AS26: 4 | AT26: 1.45 | AV26: 0 | AW26: 0 | AX26: 3 | AY26: 0.85
A27: 2 | B27: UKYT-26-021 | C27: 0 | D27: 0 | E27: 2 | F27: 1.4 | H27: 2 | I27: 0.85 | J27: 8 | K27: 6.9 | M27: 5 | N27: 4.85 | O27: 1 | P27: 1 | R27: 14 | S27: 3.75 | T27: 13 | U27: 4.66 | W27: 2 | X27: 1.45 | Y27: 3 | Z27: 2.25 | AB27: 0 | AC27: 0 | AD27: 2 | AE27: 1.1 | AG27: 0 | AH27: 0 | AI27: 0 | AJ27: 0 | AL27: 0 | AM27: 0 | AN27: 2 | AO27: 1.55 | AQ27: 2 | AR27: 1.55 | AS27: 4 | AT27: 1.5 | AV27: 0 | AW27: 0 | AX27: 6 | AY27: 2.05
A28: 2 | B28: UKYT-26-022 | C28: . | D28: . | E28: . | F28: . | H28: 0 | I28: 0 | J28: 8 | K28: 5.45 | M28: 4 | N28: 2.75 | O28: 2 | P28: 1.2 | R28: 1 | S28: 0.2 | T28: 2 | U28: 0.52 | W28: 1 | X28: 0.65 | Y28: 3 | Z28: 1.55 | AB28: 0 | AC28: 0 | AD28: 4 | AE28: 1.55 | AG28: 0 | AH28: 0 | AI28: 1 | AJ28: 0.45 | AL28: 7 | AM28: 2.85 | AN28: 3 | AO28: 1.45 | AQ28: 8 | AR28: 3.1 | AS28: 12 | AT28: 4 | AV28: 0 | AW28: 0 | AX28: 8 | AY28: 3
A29: 2 | B29: UKYT-26-023 | C29: 1 | D29: 0.8 | E29: 1 | F29: 1.25 | H29: 6 | I29: 4.15 | J29: 10 | K29: 7.65 | M29: 9 | N29: 5.65 | O29: 2 | P29: 1.4 | R29: 24 | S29: 6.8 | T29: 7 | U29: 1.75 | W29: 5 | X29: 3.25 | Y29: 2 | Z29: 1.1 | AB29: 0 | AC29: 0 | AD29: 0 | AE29: 0 | AG29: 2 | AH29: 0.7 | AI29: 0 | AJ29: 0 | AL29: 5 | AM29: 1.8 | AN29: 6 | AO29: 2.3 | AQ29: 13 | AR29: 5.2 | AS29: 8 | AT29: 2.9 | AV29: 4 | AW29: 1.25 | AX29: 5 | AY29: 1.45
A30: 2 | B30: UKYT-26-024 | C30: . | D30: . | E30: . | F30: . | H30: 1 | I30: 0.65 | J30: 12 | K30: 8.9 | M30: 1 | N30: 0.8 | O30: 6 | P30: 5 | R30: . | S30: . | T30: 15 | U30: 4.8 | W30: 1 | X30: 1.25 | Y30: 0 | Z30: 0 | AB30: 0 | AC30: 0 | AD30: 1 | AE30: 0.55 | AG30: 0 | AH30: 0 | AI30: 1 | AJ30: 0.6 | AL30: 0 | AM30: 0 | AN30: 6 | AO30: 3.5 | AQ30: 0 | AR30: 0 | AS30: 7 | AT30: 2.85 | AV30: 0 | AW30: 0 | AX30: 25 | AY30: 9
A31: 2 | B31: UKYT-26-025 | C31: . | D31: . | E31: . | F31: . | H31: 0 | I31: 0 | J31: 7 | K31: 6.35 | M31: 1 | N31: 0.95 | O31: 2 | P31: 1.9 | R31: 7 | S31: 5.35 | T31: 9 | U31: 6.5 | W31: 3 | X31: 0.95 | Y31: 33 | Z31: 0 | AB31: 0 | AC31: 0 | AD31: 1 | AE31: 0.65 | AG31: 3 | AH31: 0.85 | AI31: 1 | AJ31: 0.2 | AL31: 12 | AM31: 5.2 | AN31: 10 | AO31: 4.25 | AQ31: 12 | AR31: 4.45 | AS31: 6 | AT31: 2.6 | AV31: 0 | AW31: 0 | AX31: 3 | AY31: 1.2
A32: 2 | B32: UKYT-26-026 | C32: 0 | D32: 0 | E32: 2 | F32: 2.1 | H32: 0 | I32: 0 | J32: 5 | K32: 3.55 | M32: 4 | N32: 3.2 | O32: 6 | P32: 5.25 | R32: 3 | S32: 2.05 | T32: 15 | U32: 12.35 | W32: 0 | X32: 0 | Y32: 5 | Z32: 2.4 | AB32: 0 | AC32: 0 | AD32: 2 | AE32: 1.4 | AG32: 0 | AH32: 0 | AI32: 1 | AJ32: 0.4 | AL32: 1 | AM32: 0.45 | AN32: 4 | AO32: 1.6 | AQ32: 0 | AR32: 0 | AS32: 11 | AT32: 5 | AV32: 0 | AW32: 0 | AX32: 4 | AY32: 1.1
A33: 2 | B33: UKYT-26-027 | C33: . | D33: . | E33: . | F33: . | H33: 0 | I33: 0 | J33: 6 | K33: 6.85 | M33: 9 | N33: 9.65 | O33: 2 | P33: 1.7 | R33: 12 | S33: 9.05 | T33: 12 | U33: 8.4 | W33: 4 | X33: 3.3 | Y33: 2 | Z33: 2.05 | AB33: 1 | AC33: 0.85 | AD33: 0 | AE33: 0 | AG33: 1 | AH33: 0.8 | AI33: 0 | AJ33: 0 | AL33: 3 | AM33: 1.35 | AN33: 0 | AO33: 0 | AQ33: 2 | AR33: 1.1 | AS33: 4 | AT33: 1.95 | AV33: 3 | AW33: 1.2 | AX33: 9 | AY33: 4.4
A34: 2 | B34: UKYT-26-028 | C34: 3 | D34: 2.2 | E34: 1 | F34: 0.5 | H34: 8 | I34: 5.6 | J34: 5 | K34: 3.9 | M34: 4 | N34: 1.65 | O34: 1 | P34: 0.5 | R34: 16 | S34: 8.95 | T34: 15 | U34: 6.4 | W34: 4 | X34: 1.75 | Y34: 3 | Z34: 1.75 | AB34: 3 | AC34: 2.25 | AD34: 0 | AE34: 0 | AG34: 0 | AH34: 0 | AI34: 1 | AJ34: 0.4 | AL34: 4 | AM34: 1.7 | AN34: 1 | AO34: 0.35 | AQ34: 6 | AR34: 2.3 | AS34: 5 | AT34: 1.9 | AV34: 8 | AW34: 3.85 | AX34: 5 | AY34: 1.6
A35: 2 | B35: UKYT-26-029 | C35: 1 | D35: 0.5 | E35: 2 | F35: 1 | H35: 9 | I35: 3.15 | J35: 5 | K35: 2.45 | M35: 7 | N35: 2.9 | O35: 1 | P35: 0.5 | R35: 42 | S35: 14.75 | T35: 16 | U35: 5.4 | W35: 26 | X35: 8.7 | Y35: 6 | Z35: 2.05 | AB35: 11 | AC35: 2.8 | AD35: 0 | AE35: 0 | AG35: 5 | AH35: 1.35 | AI35: 2 | AJ35: 0.55 | AL35: 8 | AM35: 2.25 | AN35: 25 | AO35: 5.3 | AQ35: 16 | AR35: 3.65 | AS35: 27 | AT35: 5 | AV35: 7 | AW35: 1.7 | AX35: 9 | AY35: 1.35
A36: 2 | B36: UKYT-26-030 | C36: 1 | D36: 0.3 | E36: 7 | F36: 1.7 | H36: 8 | I36: 1.85 | J36: 9 | K36: 2.6 | M36: 21 | N36: 4.35 | O36: 1 | P36: 0.2 | R36: 37 | S36: 8.25 | T36: 34 | U36: 6.5 | W36: 27 | X36: 4.9 | Y36: 3 | Z36: 0.55 | AB36: 6 | AC36: 0.9 | AD36: 4 | AE36: 0.5 | AG36: 3 | AH36: 0.45 | AI36: 21 | AJ36: 1.9 | AL36: 0 | AM36: 0 | AN36: 15 | AO36: 2 | AQ36: 3 | AR36: 0.5 | AS36: 24 | AT36: 2.55 | AV36: 0 | AW36: 0 | AX36: 16 | AY36: 1.15
A37: 2 | B37: UKYT-26-031 | C37: 2 | D37: 0.85 | E37: 3 | F37: 1.3 | H37: 5 | I37: 2.1 | J37: 11 | K37: 4.75 | M37: 23 | N37: 9.55 | O37: 1 | P37: 0.35 | R37: 15 | S37: 6.1 | T37: 22 | U37: 7.2 | W37: 13 | X37: 5.1 | Y37: 5 | Z37: 1.55 | AB37: 7 | AC37: 1.95 | AD37: 4 | AE37: 0.75 | AG37: 7 | AH37: 1.95 | AI37: 5 | AJ37: 1.05 | AL37: 3 | AM37: 0.95 | AN37: 25 | AO37: 4.65 | AQ37: 1 | AR37: 0.1 | AS37: 13 | AT37: 2.65 | AV37: 18 | AW37: 3.1 | AX37: 42 | AY37: 6.2
A39: 3 | B39: Cherokee Purple | C39: 2 | D39: 1.35 | E39: 3 | F39: 2.5 | H39: 2 | I39: 0.9 | J39: 6 | K39: 3.9 | M39: 2 | N39: 1.15 | O39: 2 | P39: 1.5 | R39: 1 | S39: 0.26 | T39: 7 | U39: 2.08 | W39: 0 | X39: 0 | Y39: 3 | Z39: 1.5 | AB39: 0 | AC39: 0 | AD39: 0 | AE39: 0 | AG39: 0 | AH39: 0 | AI39: 1 | AJ39: 0.55 | AL39: 0 | AM39: 0 | AN39: 2 | AO39: 1.35 | AQ39: 0 | AR39: 0 | AS39: 15 | AT39: 8.1 | AV39: 0 | AW39: 0 | AX39: 28 | AY39: 14.1
A40: 3 | B40: UKYT-26-033 | C40: 3 | D40: 1.45 | E40: 0 | F40: 0 | H40: 38 | I40: 9.75 | J40: 14 | K40: 3.55 | M40: 19 | N40: 4.9 | O40: 3 | P40: 1.1 | R40: 15 | S40: 2.04 | T40: 17 | U40: 2.06 | W40: 6 | X40: 1.9 | Y40: 8 | Z40: 2.55 | AB40: 1 | AC40: 0.3 | AD40: 0 | AE40: 0 | AG40: 8 | AH40: 2.3 | AI40: 5 | AJ40: 1.25 | AL40: 10 | AM40: 2.75 | AN40: 7 | AO40: 1.35 | AQ40: 8 | AR40: 1.7 | AS40: 11 | AT40: 1.8 | AV40: 4 | AW40: 0.65 | AX40: 15 | AY40: 3.5
A41: 3 | B41: UKYT-26-034 | C41: 1 | D41: 0.35 | E41: 1 | F41: 0.35 | H41: 13 | I41: 4.2 | J41: 14 | K41: 4.35 | M41: 15 | N41: 5.7 | O41: 1 | P41: 0.55 | R41: 7 | S41: 1.06 | T41: 12 | U41: 1.84 | W41: 6 | X41: 1.9 | Y41: 4 | Z41: 1 | AB41: 0 | AC41: 0 | AD41: 3 | AE41: 0.7 | AG41: 10 | AH41: 2.55 | AI41: 10 | AJ41: 1.95 | AL41: 0 | AM41: 0 | AN41: 13 | AO41: 2.35 | AQ41: 0 | AR41: 0 | AS41: 7 | AT41: 1 | AV41: 5 | AW41: 0.5 | AX41: 3 | AY41: 0.35
A42: 3 | B42: UKYT-26-035 | C42: 0 | D42: 0 | E42: 9 | F42: 2.65 | H42: 5 | I42: 1 | J42: 7 | K42: 1.7 | M42: 14 | N42: 2.8 | O42: 13 | P42: 2.7 | R42: 13 | S42: 1.3 | T42: 51 | U42: 4.32 | W42: 18 | X42: 3.4 | Y42: 12 | Z42: 2.55 | AB42: 4 | AC42: 0.55 | AD42: 7 | AE42: 0.75 | AG42: 0 | AH42: 0 | AI42: 15 | AJ42: 2 | AL42: 18 | AM42: 2.5 | AN42: 30 | AO42: 3.35 | AQ42: 0 | AR42: 0 | AS42: 61 | AT42: 5.45 | AV42: 4 | AW42: 0.4 | AX42: 23 | AY42: 1.9
A43: 3 | B43: UKYT-26-037 | C43: 2 | D43: 0.5 | E43: 1 | F43: 0.1 | H43: 9 | I43: 3.7 | J43: 7 | K43: 2.55 | M43: 15 | N43: 6 | O43: 3 | P43: 0.55 | R43: 15 | S43: 2.62 | T43: 6 | U43: 1.04 | W43: 15 | X43: 6.05 | Y43: 2 | Z43: 0.6 | AB43: 13 | AC43: 3.2 | AD43: 0 | AE43: 0 | AG43: 8 | AH43: 2 | AI43: 3 | AJ43: 0.6 | AL43: 25 | AM43: 6.5 | AN43: 18 | AO43: 2.95 | AQ43: 10 | AR43: 1.7 | AS43: 14 | AT43: 2.45 | AV43: 5 | AW43: 1.1 | AX43: 5 | AY43: 0.8
A44: 3 | B44: UKYT-26-038 | C44: . | D44: . | E44: . | F44: . | H44: 10 | I44: 4.8 | J44: 14 | K44: 4 | M44: 2 | N44: 0.95 | O44: 6 | P44: 2.05 | R44: 2 | S44: 0.36 | T44: 6 | U44: 1.18 | W44: 3 | X44: 1.4 | Y44: 9 | Z44: 2.4 | AB44: 0 | AC44: 0 | AD44: 1 | AE44: 0.25 | AG44: 3 | AH44: 1 | AI44: 2 | AJ44: 0.4 | AL44: 4 | AM44: 1.3 | AN44: 4 | AO44: 1 | AQ44: 2 | AR44: 0.9 | AS44: 0 | AT44: 0 | AV44: 1 | AW44: 0.35 | AX44: 2 | AY44: 0.5
A45: 3 | B45: UKYT-26-039 | C45: 0 | D45: 0 | E45: 2 | F45: 0.95 | H45: 4 | I45: 1.45 | J45: 12 | K45: 5.15 | M45: 7 | N45: 2.95 | O45: 4 | P45: 1.8 | R45: 3 | S45: 0.68 | T45: 47 | U45: 7.66 | W45: 3 | X45: 1.45 | Y45: 24 | Z45: 8.45 | AB45: 12 | AC45: 4 | AD45: 18 | AE45: 6.15 | AG45: 3 | AH45: 1 | AI45: 6 | AJ45: 2.5 | AL45: 0 | AM45: 0 | AN45: 11 | AO45: 4.85 | AQ45: 0 | AR45: 0 | AS45: 29 | AT45: 9.35 | AV45: 2 | AW45: 0.35 | AX45: 22 | AY45: 4.5
A46: 3 | B46: UKYT-26-001 | C46: . | D46: . | E46: . | F46: . | H46: 0 | I46: 0 | J46: 6 | K46: 1.4 | M46: 2 | N46: 0.55 | O46: 3 | P46: 0.65 | R46: 2 | S46: 0.24 | T46: 57 | U46: 4.18 | W46: 0 | X46: 0 | Y46: 12 | Z46: 1.95 | AB46: 1 | AC46: 0.1 | AD46: 4 | AE46: 0.65 | AG46: 0 | AH46: 0 | AI46: 1 | AJ46: 0.15 | AL46: 0 | AM46: 0 | AN46: 2 | AO46: 0.3 | AQ46: 0 | AR46: 0 | AS46: 4 | AT46: 0.45 | AV46: 2 | AW46: 0.3 | AX46: 8 | AY46: 0.9
A47: 3 | B47: Mountain Fresh Plus | C47: . | D47: . | E47: . | F47: . | H47: 0 | I47: 0 | J47: 10 | K47: 6.5 | M47: 10 | N47: 6.4 | O47: 6 | P47: 2.65 | R47: 17 | S47: 5.52 | T47: 25 | U47: 8.5 | W47: 0 | X47: 0 | Y47: 1 | Z47: 0.95 | AB47: 0 | AC47: 0 | AD47: 0 | AE47: 0 | AG47: 1 | AH47: 0.55 | AI47: 0 | AJ47: 0 | AL47: 2 | AM47: 0.85 | AN47: 1 | AO47: 0.65 | AQ47: 4 | AR47: 1.85 | AS47: 7 | AT47: 3.85 | AV47: 28 | AW47: 14.1 | AX47: 6 | AY47: 4.1
A48: 3 | B48: UKYT-26-014 | C48: 5 | D48: 4.7 | E48: 0 | F48: 0 | H48: 8 | I48: 3.2 | J48: 12 | K48: 5.9 | M48: 3 | N48: 1.25 | O48: 5 | P48: 2.05 | R48: 17 | S48: 3.16 | T48: 7 | U48: 1.42 | W48: 2 | X48: 1.05 | Y48: 1 | Z48: 0.55 | AB48: 0 | AC48: 0 | AD48: 1 | AE48: 0.65 | AG48: 0 | AH48: 0 | AI48: 0 | AJ48: 0 | AL48: 0 | AM48: 0 | AN48: 0 | AO48: 0 | AQ48: 0 | AR48: 0 | AS48: 4 | AT48: 1.55 | AV48: 0 | AW48: 0 | AX48: 1 | AY48: 0.5
A49: 3 | B49: UKYT-26-015 | C49: 24 | D49: 1.89 | E49: 1 | F49: 0.08 | H49: 61 | I49: 4.74 | J49: 14 | K49: 0.81 | M49: 58 | N49: 2.83 | O49: 5 | P49: 0.22 | R49: . | S49: 5.75 | T49: . | U49: 0.48 | W49: . | X49: 1.11 | Y49: . | Z49: 0.89 | AB49: . | AC49: 4.25 | AD49: . | AE49: 2.78 | AG49: . | AH49: 1.81 | AI49: . | AJ49: 1.12 | AL49: . | AM49: 1.51 | AN49: . | AO49: 0.41 | AQ49: . | AR49: 1.07 | AS49: . | AT49: 0.42 | AV49: . | AW49: 3.21 | AX49: . | AY49: 1
A50: 3 | B50: UKYT-26-016 | C50: . | D50: . | E50: . | F50: . | H50: 0 | I50: 0 | J50: 6 | K50: 5.15 | M50: 5 | N50: 2.65 | O50: 12 | P50: 8.95 | R50: 13 | S50: 5 | T50: 13 | U50: 4.62 | W50: 0 | X50: 0 | Y50: 5 | Z50: 4.35 | AB50: 0 | AC50: 0 | AD50: 2 | AE50: 1.7 | AG50: 1 | AH50: 0.55 | AI50: 2 | AJ50: 0.8 | AL50: 0 | AM50: 0 | AN50: 2 | AO50: 1.25 | AQ50: 1 | AR50: 0.5 | AS50: 5 | AT50: 2.25 | AV50: 1 | AW50: 0.55 | AX50: 19 | AY50: 10.6
A51: 3 | B51: UKYT-26-017 | C51: . | D51: . | E51: . | F51: . | H51: . | I51: . | J51: . | K51: . | M51: 0 | N51: 0 | O51: 13 | P51: 9.3 | R51: 0 | S51: 0 | T51: 12 | U51: 3.72 | W51: 1 | X51: 0.6 | Y51: 2 | Z51: 1.5 | AB51: 0 | AC51: 0 | AD51: 2 | AE51: 1.95 | AG51: 0 | AH51: 0 | AI51: 0 | AJ51: 0 | AL51: 0 | AM51: 0 | AN51: 0 | AO51: 0 | AQ51: 0 | AR51: 0 | AS51: 9 | AT51: 3.65 | AV51: 0 | AW51: 0 | AX51: 17 | AY51: 12.2
A52: 3 | B52: UKYT-26-018 | C52: . | D52: . | E52: . | F52: . | H52: 0 | I52: 0 | J52: 6 | K52: 6.45 | M52: 2 | N52: 1.15 | O52: 0 | P52: 0 | R52: 2 | S52: 0.62 | T52: 16 | U52: 3.64 | W52: 2 | X52: 1.25 | Y52: 9 | Z52: 2.8 | AB52: 1 | AC52: 0.25 | AD52: 5 | AE52: 2 | AG52: 0 | AH52: 0 | AI52: 2 | AJ52: 0.9 | AL52: 0 | AM52: 0 | AN52: 5 | AO52: 1.9 | AQ52: 4 | AR52: 1.45 | AS52: 3 | AT52: 0.9 | AV52: 4 | AW52: 1.3 | AX52: 17 | AY52: 5.4
A53: 3 | B53: UKYT-26-019 | C53: . | D53: . | E53: . | F53: . | H53: 0 | I53: 0 | J53: 1 | K53: 1.2 | M53: 2 | N53: 1 | O53: 4 | P53: 3.5 | R53: 0 | S53: 0 | T53: 38 | U53: 9.52 | W53: 3 | X53: 1.8 | Y53: 11 | Z53: 5.75 | AB53: 0 | AC53: 0 | AD53: 8 | AE53: 4.45 | AG53: 1 | AH53: 0.55 | AI53: 0 | AJ53: 0 | AL53: 0 | AM53: 0 | AN53: 0 | AO53: 0 | AQ53: 0 | AR53: 0 | AS53: 1 | AT53: 0.75 | AV53: 1 | AW53: 0.45 | AX53: 11 | AY53: 5.95
A54: 3 | B54: UKYT-26-032 | C54: 0 | D54: 0 | E54: 3 | F54: 0.95 | H54: 4 | I54: 1.45 | J54: 12 | K54: 5.25 | M54: 7 | N54: 2.95 | O54: 4 | P54: 1.8 | R54: 0 | S54: 0 | T54: 33 | U54: 6.54 | W54: 0 | X54: 0 | Y54: 11 | Z54: 3.45 | AB54: 2 | AC54: 0.35 | AD54: 10 | AE54: 3.55 | AG54: 4 | AH54: 1.35 | AI54: 7 | AJ54: 1.3 | AL54: 9 | AM54: 2.4 | AN54: 24 | AO54: 5.8 | AQ54: 3 | AR54: 0.8 | AS54: 20 | AT54: 4.6 | AV54: 11 | AW54: 3.8 | AX54: 19 | AY54: 5.7
A55: 3 | B55: UKYT-26-036 | C55: 4 | D55: 2.1 | E55: 1 | F55: 0.65 | H55: 19 | I55: 7.05 | J55: 8 | K55: 3.05 | M55: 14 | N55: 3.8 | O55: 1 | P55: 0.2 | R55: 33 | S55: 4.4 | T55: 30 | U55: 3.5 | W55: 10 | X55: 3.65 | Y55: 8 | Z55: 2.55 | AB55: 3 | AC55: 1.1 | AD55: 0 | AE55: 0 | AG55: 2 | AH55: 0.7 | AI55: 4 | AJ55: 0.7 | AL55: 14 | AM55: 4.5 | AN55: 16 | AO55: 3.75 | AQ55: 11 | AR55: 2.8 | AS55: 10 | AT55: 2.15 | AV55: 11 | AW55: 2.75 | AX55: 13 | AY55: 2.85
A57: 4 | B57: NC 23706G | C57: 0 | D57: 0 | E57: 3 | F57: 3.45 | H57: 0 | I57: 0 | J57: 15 | K57: 11.25 | M57: 1 | N57: 0.6 | O57: 6 | P57: 4.9 | R57: 7 | S57: 2.8 | T57: 10 | U57: 4.16 | W57: 1 | X57: 0.7 | Y57: 1 | Z57: 0.85 | AB57: 2 | AC57: 1.9 | AD57: 6 | AE57: 5.15 | AG57: 4 | AH57: 2.45 | AI57: 3 | AJ57: 1.35 | AL57: 4 | AM57: 2.25 | AN57: 16 | AO57: 6.6 | AQ57: 3 | AR57: 1.65 | AS57: 19 | AT57: 8.7 | AV57: 2 | AW57: 0.5 | AX57: 15 | AY57: 6.1
A58: 4 | B58: NC 23926G | C58: . | D58: . | E58: . | F58: . | H58: 0 | I58: 0 | J58: 3 | K58: 3.8 | M58: 2 | N58: 1.3 | O58: 5 | P58: 6.2 | R58: 10 | S58: 3.94 | T58: 8 | U58: 3.84 | W58: 3 | X58: 2.4 | Y58: 4 | Z58: 5.2 | AB58: 0 | AC58: 0 | AD58: 2 | AE58: 3.15 | AG58: 0 | AH58: 0 | AI58: 0 | AJ58: 0 | AL58: 0 | AM58: 0 | AN58: 4 | AO58: 1.8 | AQ58: 1 | AR58: 0.5 | AS58: 6 | AT58: 3.75 | AV58: 4 | AW58: 2.55 | AX58: 16 | AY58: 10
A59: 4 | B59: NC 24271G | C59: 1 | D59: 0.5 | E59: 0 | F59: 0 | H59: 2 | I59: 0.6 | J59: 11 | K59: 5.6 | M59: 2 | N59: 1.05 | O59: 2 | P59: 1.1 | R59: 15 | S59: 4.24 | T59: 17 | U59: 3.44 | W59: 8 | X59: 3.95 | Y59: 3 | Z59: 0.65 | AB59: 1 | AC59: 0.95 | AD59: 1 | AE59: 0.4 | AG59: 0 | AH59: 0 | AI59: 2 | AJ59: 0.4 | AL59: 12 | AM59: 3.85 | AN59: 4 | AO59: 1.2 | AQ59: 20 | AR59: 7.45 | AS59: 23 | AT59: 7.25 | AV59: 3 | AW59: 1 | AX59: 3 | AY59: 0.75
A60: 4 | B60: NC 25202G | C60: 9 | D60: 5.35 | E60: 0 | F60: 0 | H60: 6 | I60: 2.7 | J60: 13 | K60: 6 | M60: 15 | N60: 6.8 | O60: 1 | P60: 0.7 | R60: 17 | S60: 3.88 | T60: 11 | U60: 1.8 | W60: 6 | X60: 2.5 | Y60: 2 | Z60: 0.65 | AB60: 0 | AC60: 0 | AD60: 0 | AE60: 0 | AG60: 5 | AH60: 1.4 | AI60: 7 | AJ60: 1.5 | AL60: 12 | AM60: 3.55 | AN60: 16 | AO60: 4.75 | AQ60: 0 | AR60: 0 | AS60: 17 | AT60: 3.55 | AV60: 2 | AW60: 0.35 | AX60: 13 | AY60: 1.8
A61: 4 | B61: NC 25203G | C61: 0 | D61: 0 | E61: 3 | F61: 2.1 | H61: 1 | I61: 0.85 | J61: 9 | K61: 6.15 | M61: 2 | N61: 1.35 | O61: 11 | P61: 9.6 | R61: 12 | S61: 4.52 | T61: 1 | U61: 0.22 | W61: 1 | X61: 0.55 | Y61: 3 | Z61: 2.15 | AB61: 2 | AC61: 1.5 | AD61: 0 | AE61: 0 | AG61: 2 | AH61: 0.8 | AI61: 0 | AJ61: 0 | AL61: 6 | AM61: 3 | AN61: 5 | AO61: 1.85 | AQ61: 28 | AR61: 12.1 | AS61: 19 | AT61: 7.05 | AV61: 2 | AW61: 0.75 | AX61: 10 | AY61: 3.45
A62: 4 | B62: NC 25205G | C62: 4 | D62: 6.6 | E62: 4 | F62: 3.15 | H62: 4 | I62: 2.2 | J62: 12 | K62: 6.5 | M62: 4 | N62: 2.1 | O62: 2 | P62: 1.15 | R62: 15 | S62: 4.94 | T62: 11 | U62: 2.84 | W62: 2 | X62: 1.4 | Y62: 8 | Z62: 4.65 | AB62: 0 | AC62: 0 | AD62: 1 | AE62: 0.55 | AG62: 1 | AH62: 0.55 | AI62: 3 | AJ62: 0.6 | AL62: 3 | AM62: 1.8 | AN62: 4 | AO62: 0.6 | AQ62: 0 | AR62: 0 | AS62: 3 | AT62: 1.1 | AV62: 3 | AW62: 1.1 | AX62: 30 | AY62: 11.55
A63: 4 | B63: NC 25207G | C63: 0 | D63: 0 | E63: 1 | F63: 1.1 | H63: 2 | I63: 1.6 | J63: 12 | K63: 8.65 | M63: 5 | N63: 4.25 | O63: 4 | P63: 1.96 | R63: 8 | S63: 1.9 | T63: 13 | U63: 2.9 | W63: 1 | X63: 0.55 | Y63: 1 | Z63: 0.2 | AB63: 3 | AC63: 0.95 | AD63: 0 | AE63: 0 | AG63: 6 | AH63: 2.65 | AI63: 0 | AJ63: 0 | AL63: 1 | AM63: 0.45 | AN63: 6 | AO63: 1.75 | AQ63: 20 | AR63: 7.75 | AS63: 20 | AT63: 5.75 | AV63: 3 | AW63: 0.85 | AX63: 6 | AY63: 1.55
A64: 4 | B64: NC 25208G | C64: 3 | D64: 2.05 | E64: 1 | F64: 1.3 | H64: 5 | I64: 3 | J64: 12 | K64: 7.6 | M64: 9 | N64: 4.1 | O64: 5 | P64: 2.55 | R64: 18 | S64: 4.12 | T64: 20 | U64: 4.92 | W64: 5 | X64: 2.5 | Y64: 5 | Z64: 2.3 | AB64: 0 | AC64: 0 | AD64: 0 | AE64: 0 | AG64: 0 | AH64: 0 | AI64: 0 | AJ64: 0 | AL64: 3 | AM64: 1.55 | AN64: 10 | AO64: 3.45 | AQ64: 5 | AR64: 0.25 | AS64: 13 | AT64: 1.6 | AV64: 6 | AW64: 2 | AX64: 11 | AY64: 3.55
A65: 4 | B65: NC 25209G | C65: 3 | D65: 2.55 | E65: 3 | F65: 2.15 | H65: 2 | I65: 1.1 | J65: 5 | K65: 3.15 | M65: 19 | N65: 12.9 | O65: 2 | P65: 1.5 | R65: 22 | S65: 6.38 | T65: 9 | U65: 2.8 | W65: 5 | X65: 3.35 | Y65: 2 | Z65: 1.7 | AB65: 1 | AC65: 0.5 | AD65: 0 | AE65: 0 | AG65: 2 | AH65: 1.15 | AI65: 0 | AJ65: 0 | AL65: 12 | AM65: 4.65 | AN65: 1 | AO65: 0.2 | AQ65: 17 | AR65: 7.45 | AS65: 18 | AT65: 6.9 | AV65: 8 | AW65: 3.05 | AX65: 15 | AY65: 5
A66: 4 | B66: NC 25210G | C66: 1 | D66: 0.85 | E66: 1 | F66: 1.1 | H66: 1 | I66: 0.85 | J66: 10 | K66: 6.7 | M66: 5 | N66: 5.25 | O66: 1 | P66: 0.9 | R66: 14 | S66: 4.82 | T66: 11 | U66: 3.06 | W66: 6 | X66: 4.3 | Y66: 2 | Z66: 1.65 | AB66: 1 | AC66: 1.35 | AD66: 0 | AE66: 0 | AG66: 2 | AH66: 1.15 | AI66: 0 | AJ66: 0 | AL66: 0 | AM66: 0 | AN66: 2 | AO66: 1.3 | AQ66: 0 | AR66: 0 | AS66: 7 | AT66: 3.75 | AV66: 1 | AW66: 0.6 | AX66: 9 | AY66: 3.3
A67: 4 | B67: NC 25212G | C67: 2 | D67: 2.15 | E67: 1 | F67: 0.75 | H67: 5 | I67: 4 | J67: 8 | K67: 6.45 | M67: 8 | N67: 6.7 | O67: 3 | P67: 2.5 | R67: 27 | S67: 8.64 | T67: 24 | U67: 9.34 | W67: 1 | X67: 0.9 | Y67: 1 | Z67: 0.4 | AB67: 2 | AC67: 1.6 | AD67: 0 | AE67: 0 | AG67: 1 | AH67: 0.5 | AI67: 0 | AJ67: 0 | AL67: 2 | AM67: 1.15 | AN67: 1 | AO67: 0.35 | AQ67: 3 | AR67: 1.7 | AS67: 10 | AT67: 4.75 | AV67: 5 | AW67: 2.2 | AX67: 13 | AY67: 4.9
A68: 4 | B68: NC 25217G | C68: 1 | D68: 0.75 | E68: 2 | F68: 1.5 | H68: 9 | I68: 5.45 | J68: 6 | K68: 4.05 | M68: 14 | N68: 7.8 | O68: 1 | P68: 0.7 | R68: 8 | S68: 2.12 | T68: 7 | U68: 1.64 | W68: 1 | X68: 0.55 | Y68: 3 | Z68: 0.75 | AB68: 1 | AC68: 0.5 | AD68: 4 | AE68: 1.05 | AG68: 6 | AH68: 2.75 | AI68: 9 | AJ68: 2.85 | AL68: 12 | AM68: 5.25 | AN68: 9 | AO68: 3.1 | AQ68: 5 | AR68: 1.95 | AS68: 23 | AT68: 9.45 | AV68: 0 | AW68: 0 | AX68: 16 | AY68: 2.85
A69: 4 | B69: NC 25230G | C69: 2 | D69: 1.7 | E69: 4 | F69: 2.45 | H69: 3 | I69: 2.35 | J69: 8 | K69: 4.85 | M69: 9 | N69: 7.2 | O69: 5 | P69: 4.05 | R69: 15 | S69: 5.34 | T69: 8 | U69: 2.08 | W69: 5 | X69: 3.65 | Y69: 3 | Z69: 2.85 | AB69: 1 | AC69: 0.6 | AD69: 2 | AE69: 0.7 | AG69: 1 | AH69: 0.4 | AI69: 1 | AJ69: 0.4 | AL69: 6 | AM69: 2.25 | AN69: 7 | AO69: 3.7 | AQ69: 10 | AR69: 4.9 | AS69: 25 | AT69: 10.2 | AV69: 3 | AW69: 0.95 | AX69: 16 | AY69: 5.7
A70: 4 | B70: NC 25231G | C70: 5 | D70: 4.2 | E70: 1 | F70: 0.65 | H70: 2 | I70: 1.35 | J70: 5 | K70: 4.05 | M70: 2 | N70: 1.3 | O70: 4 | P70: 2.5 | R70: 21 | S70: 6.36 | T70: 13 | U70: 3.98 | W70: 2 | X70: 0.8 | Y70: 5 | Z70: 2.4 | AB70: 0 | AC70: 0 | AD70: 0 | AE70: 0 | AG70: 1 | AH70: 0.4 | AI70: 5 | AJ70: 2.5 | AL70: 3 | AM70: 1.45 | AN70: 9 | AO70: 4.25 | AQ70: 6 | AR70: 2.75 | AS70: 28 | AT70: 10.2 | AV70: 0 | AW70: 0 | AX70: 10 | AY70: 2.7
... A75: 5 | B75: NC 255G | C75: 1 | D75: 0.7 | E75: 6 | F75: 2.4 | H75: 9 | I75: 5.6 | J75: 7 | K75: 4.1 | M75: 13 | N75: 6.85 | O75: 3 | P75: 1.7 | R75: 7 | S75: 1.88 | T75: 8 | U75: 1.74 | W75: 1 | X75: 0.4 | Y75: 3 | Z75: 0.85 | AB75: 2 | AC75: 0.75 | AD75: 0 | AE75: 0 | AG75: 14 | AH75: 5.6 | AI75: 7 | AJ75: 1.85 | AL75: 17 | AM75: 7.3 | AN75: 18 | AO75: 5.4 | AQ75: 5 | AR75: 1.7 | AS75: 17 | AT75: 5.1 | AV75: 4 | AW75: 1.05 | AX75: 13 | AY75: 2.4
A76: 5 | B76: NC 261G | C76: . | D76: . | E76: . | F76: . | H76: 2 | I76: 1.65 | J76: 7 | K76: 5.85 | M76: 11 | N76: 7.4 | O76: 0 | P76: 0 | R76: 20 | S76: 5.7 | T76: 13 | U76: 3.6 | W76: 6 | X76: 3.4 | Y76: 2 | Z76: 1.35 | AB76: 9 | AC76: 4.55 | AD76: 1 | AE76: 0.4 | AG76: 3 | AH76: 1.5 | AI76: 1 | AJ76: 0.65 | AL76: 4 | AM76: 1.95 | AN76: 3 | AO76: 1.6 | AQ76: 8 | AR76: 3.35 | AS76: 10 | AT76: 3.25 | AV76: 4 | AW76: 1.2 | AX76: 22 | AY76: 5.45
A77: 5 | B77: NC 262G | C77: 4 | D77: 3.2 | E77: 0 | F77: 0 | H77: 5 | I77: 4 | J77: 5 | K77: 4.15 | M77: 28 | N77: 15.8 | O77: 4 | P77: 2.35 | R77: 6 | S77: 1.54 | T77: 3 | U77: 0.88 | W77: 4 | X77: 2.35 | Y77: 0 | Z77: 0 | AB77: 0 | AC77: 0 | AD77: 0 | AE77: 0 | AG77: 2 | AH77: 1 | AI77: 5 | AJ77: 1.8 | AL77: 5 | AM77: 2.65 | AN77: 5 | AO77: 2 | AQ77: 4 | AR77: 1.4 | AS77: 9 | AT77: 2.75 | AV77: 10 | AW77: 3.55 | AX77: 26 | AY77: 8.05
A78: 5 | B78: NC 263G | C78: 3 | D78: 3.1 | E78: 2 | F78: 1.4 | H78: 3 | I78: 1.85 | J78: 14 | K78: 12.1 | M78: 9 | N78: 5.65 | O78: 6 | P78: 3.95 | R78: 0 | S78: 0 | T78: 8 | U78: 2.2 | W78: 1 | X78: 0.45 | Y78: 2 | Z78: 1 | AB78: 1 | AC78: 1 | AD78: 1 | AE78: 0.3 | AG78: 6 | AH78: 2.85 | AI78: 2 | AJ78: 0.55 | AL78: 4 | AM78: 2.4 | AN78: 6 | AO78: 3 | AQ78: 0 | AR78: 0 | AS78: 9 | AT78: 3.15 | AV78: 1 | AW78: 0.35 | AX78: 12 | AY78: 4.45
A79: 5 | B79: NC 264G | C79: . | D79: . | E79: . | F79: . | H79: 2 | I79: 1.2 | J79: 5 | K79: 7.5 | M79: 12 | N79: 7.55 | O79: 3 | P79: 1.65 | R79: 12 | S79: 3.38 | T79: 4 | U79: 1.12 | W79: 4 | X79: 2.1 | Y79: 1 | Z79: 0.55 | AB79: 2 | AC79: 0.95 | AD79: 2 | AE79: 0.8 | AG79: 3 | AH79: 1.4 | AI79: 1 | AJ79: 0.55 | AL79: 5 | AM79: 2.4 | AN79: 3 | AO79: 0.85 | AQ79: 6 | AR79: 2.45 | AS79: 11 | AT79: 3.35 | AV79: 6 | AW79: 2.55 | AX79: 5 | AY79: 1.4
A80: 5 | B80: Mountain Gem | C80: . | D80: . | E80: . | F80: . | H80: 6 | I80: 4.65 | J80: 1 | K80: 0.7 | M80: 13 | N80: 9.7 | O80: 4 | P80: 2.55 | R80: 30 | S80: 8.56 | T80: 22 | U80: 5.72 | W80: 1 | X80: 0.45 | Y80: 0 | Z80: 0 | AB80: 0 | AC80: 0 | AD80: 0 | AE80: 0 | AG80: 0 | AH80: 0 | AI80: 1 | AJ80: 0.55 | AL80: 0 | AM80: 0 | AN80: 0 | AO80: 0 | AQ80: 3 | AR80: 1.35 | AS80: 5 | AT80: 2 | AV80: 15 | AW80: 7.7 | AX80: 11 | AY80: 5
A81: 5 | B81: Mountain Heritage | C81: 1 | D81: 0.6 | E81: 5 | F81: 2.9 | H81: 2 | I81: 1.9 | J81: 5 | K81: 3.5 | M81: 14 | N81: 9.6 | O81: 4 | P81: 2.85 | R81: 18 | S81: 3.22 | T81: 5 | U81: 1.46 | W81: 5 | X81: 3.1 | Y81: 2 | Z81: 1.35 | AB81: 3 | AC81: 2.05 | AD81: 0 | AE81: 0 | AG81: 2 | AH81: 1.2 | AI81: 0 | AJ81: 0 | AL81: 6 | AM81: 3.35 | AN81: 4 | AO81: 1.7 | AQ81: 18 | AR81: 8.2 | AS81: 9 | AT81: 3.75 | AV81: 5 | AW81: 2.2 | AX81: 4 | AY81: 1.3
A82: 5 | B82: Mountain Girl | C82: 5 | D82: 5.5 | E82: 0 | F82: 0 | H82: 2 | I82: 0.8 | J82: 5 | K82: 4.35 | M82: 11 | N82: 6.85 | O82: 3 | P82: 2.2 | R82: 10 | S82: 2.52 | T82: 8 | U82: 2.5 | W82: 5 | X82: 1.05 | Y82: 7 | Z82: 2.25 | AB82: 0 | AC82: 0 | AD82: 0 | AE82: 0 | AG82: 3 | AH82: 0.85 | AI82: 2 | AJ82: 0.45 | AL82: 2 | AM82: 1 | AN82: 3 | AO82: 0.7 | AQ82: 5 | AR82: 2.95 | AS82: 10 | AT82: 2.5 | AV82: 8 | AW82: 3.1 | AX82: 13 | AY82: 2.85
A83: 5 | B83: Mountain Magic | C83: 13 | D83: 4.5 | E83: 1 | F83: 0.2 | H83: 14 | I83: 1.75 | J83: 42 | K83: 10.85 | M83: 56 | N83: 4.75 | O83: 4 | P83: 0.2 | R83: . | S83: 3.66 | T83: . | U83: 1.92 | W83: . | X83: 8.7 | Y83: . | Z83: 0.65 | AB83: . | AC83: 0.3 | AD83: . | AE83: 3.9 | AG83: . | AH83: 7.85 | AI83: . | AJ83: 55 | AL83: . | AM83: 3.15 | AN83: . | AO83: 0.8 | AQ83: . | AR83: 2.05 | AS83: . | AT83: 0.55 | AV83: . | AW83: 5.8 | AX83: . | AY83: 0.7
A84: 5 | B84: NC 25218G | C84: 0 | D84: 0 | E84: 3 | F84: 2.05 | H84: 5 | I84: 3 | J84: 4 | K84: 1.65 | M84: 19 | N84: 10.3 | O84: 6 | P84: 2.7 | R84: 14 | S84: 3.26 | T84: 2 | U84: 0.28 | W84: 3 | X84: 1.45 | Y84: 3 | Z84: 1.05 | AB84: 12 | AC84: 3.5 | AD84: 3 | AE84: 0.95 | AG84: 7 | AH84: 2.4 | AI84: 7 | AJ84: 2.1 | AL84: 4 | AM84: 1.75 | AN84: 4 | AO84: 1.15 | AQ84: 7 | AR84: 2.7 | AS84: 9 | AT84: 2.45 | AV84: 5 | AW84: 1.3 | AX84: 8 | AY84: 2.2
A85: 5 | B85: NC 25304G | C85: 1 | D85: 0.65 | E85: 1 | F85: 0.7 | H85: 4 | I85: 2.4 | J85: 10 | K85: 5.8 | M85: 22 | N85: 10.9 | O85: 5 | P85: 2.95 | R85: 33 | S85: 7.92 | T85: 23 | U85: 4.34 | W85: 7 | X85: 3.1 | Y85: 1 | Z85: 0.65 | AB85: 0 | AC85: 0 | AD85: 2 | AE85: 0.45 | AG85: 0 | AH85: 0 | AI85: 0 | AJ85: 0 | AL85: 2 | AM85: 0.85 | AN85: 0 | AO85: 0 | AQ85: 2 | AR85: 1.15 | AS85: 4 | AT85: 1.55 | AV85: 6 | AW85: 2.95 | AX85: 28 | AY85: 10.6
A86: 5 | B86: NC 25306G | C86: 1 | D86: 0.65 | E86: 0 | F86: 0 | H86: 15 | I86: 10.25 | J86: 8 | K86: 5.15 | M86: 10 | N86: 5.45 | O86: 4 | P86: 2.65 | R86: 17 | S86: 4.02 | T86: 25 | U86: 5.34 | W86: 0 | X86: 0 | Y86: 3 | Z86: 1.05 | AB86: 5 | AC86: 2.45 | AD86: 0 | AE86: 0 | AG86: 3 | AH86: 1.5 | AI86: 1 | AJ86: 0.65 | AL86: 0 | AM86: 0 | AN86: 7 | AO86: 2.9 | AQ86: 1 | AR86: 0.4 | AS86: 11 | AT86: 4.75 | AV86: 11 | AW86: 5.25 | AX86: 17 | AY86: 7.2
A87: 5 | B87: NC 25311G | C87: 3 | D87: 2.5 | E87: 0 | F87: 0 | H87: 6 | I87: 3.55 | J87: 3 | K87: 2.15 | M87: 12 | N87: 7.4 | O87: 4 | P87: 2.5 | R87: 13 | S87: 3.86 | T87: 17 | U87: 3.84 | W87: 7 | X87: 3.95 | Y87: 5 | Z87: 3.15 | AB87: 0 | AC87: 0 | AD87: 0 | AE87: 0 | AG87: 0 | AH87: 0 | AI87: 0 | AJ87: 0 | AL87: 0 | AM87: 0 | AN87: 1 | AO87: 0.1 | AQ87: 0 | AR87: 0 | AS87: 2 | AT87: 0.65 | AV87: 5 | AW87: 1.75 | AX87: 29 | AY87: 9.9
A88: 5 | B88: NC 25313G | C88: . | D88: . | E88: . | F88: . | H88: 0 | I88: 0 | J88: 13 | K88: 6.7 | M88: 2 | N88: 1.15 | O88: 4 | P88: 3.65 | R88: 7 | S88: 2.14 | T88: 18 | U88: 4.54 | W88: 4 | X88: 2.55 | Y88: 6 | Z88: 2.6 | AB88: 0 | AC88: 0 | AD88: 0 | AE88: 0 | AG88: 0 | AH88: 0 | AI88: 1 | AJ88: 0.85 | AL88: 0 | AM88: 0 | AN88: 0 | AO88: 0 | AQ88: 0 | AR88: 0 | AS88: 3 | AT88: 1.3 | AV88: 5 | AW88: 2.25 | AX88: 18 | AY88: 8.25
A89: 5 | B89: NC 25315G | C89: . | D89: . | E89: . | F89: . | H89: 0 | I89: 4.75 | J89: 7 | K89: 4 | M89: 8 | N89: 6.9 | O89: 13 | P89: 11.45 | R89: 3 | S89: 0.96 | T89: 11 | U89: 4.1 | W89: 2 | X89: 1.45 | Y89: 4 | Z89: 3.75 | AB89: 0 | AC89: 0 | AD89: 0 | AE89: 0 | AG89: 0 | AH89: 0 | AI89: 1 | AJ89: 0.75 | AL89: 0 | AM89: 0 | AN89: 9 | AO89: 5.05 | AQ89: 0 | AR89: 0 | AS89: 12 | AT89: 7.3 | AV89: 4 | AW89: 1.9 | AX89: 11 | AY89: 6.55
A90: 5 | B90: NC 25317G | C90: 1 | D90: 0.9 | E90: 3 | F90: 2.1 | H90: 16 | I90: 8.35 | J90: 0 | K90: 0 | M90: 23 | N90: 10.6 | O90: 7 | P90: 3.85 | R90: 16 | S90: 3.66 | T90: 25 | U90: 5.36 | W90: 0 | X90: . | Y90: 3 | Z90: 1.45 | AB90: 0 | AC90: 0 | AD90: 1 | AE90: 0.75 | AG90: 0 | AH90: 0 | AI90: 5 | AJ90: 1.7 | AL90: 3 | AM90: 1.4 | AN90: 11 | AO90: 3.55 | AQ90: 1 | AR90: 0.45 | AS90: 15 | AT90: 5.65 | AV90: 0 | AW90: 0 | AX90: 7 | AY90: 2.45

Sheet Marketable Yield
B1: Fruit Number | Q1: Yield (lb) | AF1: Fruit Size (oz)
A2: Entry/Line | B2: Harvest 1 | C2: Harvest 2 | D2: Harvest 3 | E2: Harvest 4 | F2: Harvest 5 | G2: Harvest 6 | H2: Harvest 7 | I2: Harvest 8 | J2: Harvest 9 | K2: Harvest 10 | L2: Total | M2: Average/Harvest | N2: % of All Fruit Harvested | Q2: Harvest 1 | R2: Harvest 2 | S2: Harvest 3 | T2: Harvest 4 | U2: Harvest 5 | V2: Harvest 6 | W2: Harvest 7 | X2: Harvest 8 | Y2: Harvest 9 | Z2: Harvest 10 | AA2: Total | AB2: Average/Harvest | AC2: % of All Fruit Harvested | AF2: Harvest 1 | AG2: Harvest 2 | AH2: Harvest 3 | AI2: Harvest 4 | AJ2: Harvest 5 | AK2: Harvest 6 | AL2: Harvest 7 | AM2: Harvest 8 | AN2: Harvest 9 | AO2: Harvest 10 | AP2: Average
A3: UKYT-25-001 | B3: 22 | C3: 94 | D3: 76 | E3: . | F3: . | G3: . | H3: . | I3: . | J3: . | K3: . | L3: =SUM(B3:K3) -> 192 | M3: =AVERAGE(B3:K3) -> 64 | N3: =(L3/(L3+'Cull Yield'!L3))*100 -> 71.641791 | Q3: 0.76 | R3: 2.34 | S3: 1.86 | T3: 3.46 | U3: 1.88 | V3: 5.51 | W3: 3.63 | X3: 2.46 | Y3: 3.65 | Z3: 1.72 | AA3: =SUM(Q3:Z3) -> 27.27 | AB3: =AVERAGE(Q3:Z3) -> 2.727 | AC3: =(AA3/(AA3+'Cull Yield'!AA3))*100 -> 75.728964 | AF3: =(Q3/B3)*16 -> 0.55272727 | AG3: =(R3/C3)*16 -> 0.39829787 | AH3: =(S3/D3)*16 -> 0.39157895 | AI3: . | AJ3: . | AK3: . | AL3: . | AM3: . | AN3: . | AO3: . | AP3: =AVERAGE(AF3:AO3) -> 0.4475347 | AR3: Yellow = grape tomato (fruit # of 3 harvests)
A4: UKYT-25-002 | B4: 22 | C4: 32 | D4: 92 | E4: . | F4: . | G4: . | H4: . | I4: . | J4: . | K4: . | L4: =SUM(B4:K4) -> 146 | M4: =AVERAGE(B4:K4) -> 48.666667 | N4: =(L4/(L4+'Cull Yield'!L4))*100 -> 71.921182 | Q4: 1.33 | R4: 4.87 | S4: 3.66 | T4: 3.61 | U4: 1.03 | V4: 3.33 | W4: 2.15 | X4: 0.95 | Y4: 0.79 | Z4: 1.14 | AA4: =SUM(Q4:Z4) -> 22.86 | AB4: =AVERAGE(Q4:Z4) -> 2.286 | AC4: =(AA4/(AA4+'Cull Yield'!AA4))*100 -> 68.218442 | AF4: =(Q4/B4)*16 -> 0.96727273 | AG4: =(R4/C4)*16 -> 2.435 | AH4: =(S4/D4)*16 -> 0.63652174 | AI4: . | AJ4: . | AK4: . | AL4: . | AM4: . | AN4: . | AO4: . | AP4: =AVERAGE(AF4:AO4) -> 1.3462648
A5: UKYT-25-003 | B5: 31 | C5: 62 | D5: 60 | E5: . | F5: . | G5: . | H5: . | I5: . | J5: . | K5: . | L5: =SUM(B5:K5) -> 153 | M5: =AVERAGE(B5:K5) -> 51 | N5: =(L5/(L5+'Cull Yield'!L5))*100 -> 78.461538 | Q5: 1.16 | R5: 2.65 | S5: 1.65 | T5: 6.23 | U5: 2.86 | V5: 5.36 | W5: 3.74 | X5: 2.08 | Y5: 2.83 | Z5: 2.11 | AA5: =SUM(Q5:Z5) -> 30.67 | AB5: =AVERAGE(Q5:Z5) -> 3.067 | AC5: =(AA5/(AA5+'Cull Yield'!AA5))*100 -> 84.050425 | AF5: =(Q5/B5)*16 -> 0.59870968 | AG5: =(R5/C5)*16 -> 0.68387097 | AH5: =(S5/D5)*16 -> 0.44 | AI5: . | AJ5: . | AK5: . | AL5: . | AM5: . | AN5: . | AO5: . | AP5: =AVERAGE(AF5:AO5) -> 0.57419355
A6: UKYT-25-004 | B6: 23 | C6: 45 | D6: 114 | E6: . | F6: . | G6: . | H6: . | J6: . | K6: . | L6: =SUM(B6:K6) -> 182 | M6: =AVERAGE(B6:K6) -> 60.666667 | N6: =(L6/(L6+'Cull Yield'!L6))*100 -> 78.787879 | Q6: 1.34 | R6: 2.5 | S6: 4.36 | T6: 6.09 | U6: 1.13 | V6: 5.31 | W6: 3.39 | X6: 0.5 | Y6: 1.84 | Z6: 1.63 | AA6: =SUM(Q6:Z6) -> 28.09 | AB6: =AVERAGE(Q6:Z6) -> 2.809 | AC6: =(AA6/(AA6+'Cull Yield'!AA6))*100 -> 79.982916 | AF6: =(Q6/B6)*16 -> 0.93217391 | AG6: =(R6/C6)*16 -> 0.88888889 | AH6: =(S6/D6)*16 -> 0.61192982 | AI6: . | AJ6: . | AK6: . | AL6: . | AM6: . | AN6: . | AO6: . | AP6: =AVERAGE(AF6:AO6) -> 0.81099754
A7: UKYT-25-005 | B7: 7 | C7: 36 | D7: 55 | E7: . | F7: . | G7: . | H7: . | I7: . | J7: . | K7: . | L7: =SUM(B7:K7) -> 98 | M7: =AVERAGE(B7:K7) -> 32.666667 | N7: =(L7/(L7+'Cull Yield'!L7))*100 -> 60.869565 | Q7: 0.42 | R7: 1.73 | S7: 2.05 | T7: 4.21 | U7: 4.84 | V7: 3.51 | W7: 6.06 | X7: 2.59 | Y7: 3.71 | Z7: 6.64 | AA7: =SUM(Q7:Z7) -> 35.76 | AB7: =AVERAGE(Q7:Z7) -> 3.576 | AC7: =(AA7/(AA7+'Cull Yield'!AA7))*100 -> 87.113276 | AF7: =(Q7/B7)*16 -> 0.96 | AG7: =(R7/C7)*16 -> 0.76888889 | AH7: =(S7/D7)*16 -> 0.59636364 | AI7: . | AJ7: . | AK7: . | AL7: . | AM7: . | AN7: . | AO7: . | AP7: =AVERAGE(AF7:AO7) -> 0.77508418
A8: UKYT-25-006 | B8: 26 | C8: 52 | D8: 140 | E8: . | F8: . | G8: . | H8: . | I8: . | J8: . | K8: . | L8: =SUM(B8:K8) -> 218 | M8: =AVERAGE(B8:K8) -> 72.666667 | N8: =(L8/(L8+'Cull Yield'!L8))*100 -> 79.272727 | Q8: 1.36 | R8: 2.78 | S8: 5.88 | T8: 4.13 | U8: 1.55 | V8: 2.54 | W8: 3.92 | X8: 1.01 | Y8: 3.69 | Z8: 2.78 | AA8: =SUM(Q8:Z8) -> 29.64 | AB8: =AVERAGE(Q8:Z8) -> 2.964 | AC8: =(AA8/(AA8+'Cull Yield'!AA8))*100 -> 80.983607 | AF8: =(Q8/B8)*16 -> 0.83692308 | AG8: =(R8/C8)*16 -> 0.85538462 | AH8: =(S8/D8)*16 -> 0.672 | AI8: . | AJ8: . | AK8: . | AL8: . | AM8: . | AN8: . | AO8: . | AP8: =AVERAGE(AF8:AO8) -> 0.78810256
A9: UKYT-25-007 | B9: 36 | C9: 81 | D9: 115 | E9: . | F9: . | G9: . | H9: . | I9: . | J9: . | K9: . | L9: =SUM(B9:K9) -> 232 | M9: =AVERAGE(B9:K9) -> 77.333333 | N9: =(L9/(L9+'Cull Yield'!L9))*100 -> 87.54717 | Q9: 2.35 | R9: 5.13 | S9: 5.08 | T9: 3.9 | U9: 1.35 | V9: 5.18 | W9: 3.52 | X9: 1.54 | Y9: 2.04 | Z9: 3.19 | AA9: =SUM(Q9:Z9) -> 33.28 | AB9: =AVERAGE(Q9:Z9) -> 3.328 | AC9: =(AA9/(AA9+'Cull Yield'!AA9))*100 -> 82.335477 | AF9: =(Q9/B9)*16 -> 1.0444444 | AG9: =(R9/C9)*16 -> 1.0133333 | AH9: =(S9/D9)*16 -> 0.70678261 | AI9: . | AJ9: . | AK9: . | AL9: . | AM9: . | AN9: . | AO9: . | AP9: =AVERAGE(AF9:AO9) -> 0.92152013
A10: UKYT-25-008 | B10: 18 | C10: 56 | D10: 47 | E10: . | F10: . | G10: . | H10: . | I10: . | J10: . | K10: . | L10: =SUM(B10:K10) -> 121 | M10: =AVERAGE(B10:K10) -> 40.333333 | N10: =(L10/(L10+'Cull Yield'!L10))*100 -> 75.625 | Q10: 1.25 | R10: 3.48 | S10: 2.1 | T10: 4.44 | U10: 0.75 | V10: 1.85 | W10: 2.88 | X10: 0.77 | Y10: 2.08 | Z10: 0.98 | AA10: =SUM(Q10:Z10) -> 20.58 | AB10: =AVERAGE(Q10:Z10) -> 2.058 | AC10: =(AA10/(AA10+'Cull Yield'!AA10))*100 -> 62.820513 | AF10: =(Q10/B10)*16 -> 1.1111111 | AG10: =(R10/C10)*16 -> 0.99428571 | AH10: =(S10/D10)*16 -> 0.71489362 | AI10: . | AJ10: . | AK10: . | AL10: . | AM10: . | AN10: . | AO10: . | AP10: =AVERAGE(AF10:AO10) -> 0.94009681
A11: UKYT-25-009 | B11: 24 | C11: 90 | D11: 49 | E11: . | F11: . | G11: . | H11: . | I11: . | J11: . | K11: . | L11: =SUM(B11:K11) -> 163 | M11: =AVERAGE(B11:K11) -> 54.333333 | N11: =(L11/(L11+'Cull Yield'!L11))*100 -> 80.693069 | Q11: 1.45 | R11: 4.9 | S11: 2.03 | T11: 4.59 | U11: 1.44 | V11: 4.35 | W11: 1.03 | X11: 0 | Y11: 3.14 | Z11: 1.27 | AA11: =SUM(Q11:Z11) -> 24.2 | AB11: =AVERAGE(Q11:Z11) -> 2.42 | AC11: =(AA11/(AA11+'Cull Yield'!AA11))*100 -> 75.50702 | AF11: =(Q11/B11)*16 -> 0.96666667 | AG11: =(R11/C11)*16 -> 0.87111111 | AH11: =(S11/D11)*16 -> 0.66285714 | AI11: . | AJ11: . | AK11: . | AL11: . | AM11: . | AN11: . | AO11: . | AP11: =AVERAGE(AF11:AO11) -> 0.83354497
A12: UKYT-25-010 | B12: 29 | C12: 29 | D12: 58 | E12: . | F12: . | G12: . | H12: . | I12: . | J12: . | K12: . | L12: =SUM(B12:K12) -> 116 | M12: =AVERAGE(B12:K12) -> 38.666667 | N12: =(L12/(L12+'Cull Yield'!L12))*100 -> 63.736264 | Q12: 1.63 | R12: 1.48 | S12: 2.96 | T12: 5.21 | U12: 1.1 | V12: 0.69 | W12: 2 | X12: 0.58 | Y12: 1.2 | Z12: 2.17 | AA12: =SUM(Q12:Z12) -> 19.02 | AB12: =AVERAGE(Q12:Z12) -> 1.902 | AC12: =(AA12/(AA12+'Cull Yield'!AA12))*100 -> 61.236317 | AF12: =(Q12/B12)*16 -> 0.89931034 | AG12: =(R12/C12)*16 -> 0.81655172 | AH12: =(S12/D12)*16 -> 0.81655172 | AI12: . | AJ12: . | AK12: . | AL12: . | AM12: . | AN12: . | AO12: . | AP12: =AVERAGE(AF12:AO12) -> 0.84413793
A13: UKYT-25-011 | B13: 40 | C13: 49 | D13: 51 | E13: . | F13: . | G13: . | H13: . | I13: . | J13: . | K13: . | L13: =SUM(B13:K13) -> 140 | M13: =AVERAGE(B13:K13) -> 46.666667 | N13: =(L13/(L13+'Cull Yield'!L13))*100 -> 69.651741 | Q13: 2.13 | R13: 2.65 | S13: 2.63 | T13: 4.84 | U13: 1.16 | V13: 1.18 | W13: 1.22 | X13: 0.62 | Y13: 1.74 | Z13: 2.41 | AA13: =SUM(Q13:Z13) -> 20.58 | AB13: =AVERAGE(Q13:Z13) -> 2.058 | AC13: =(AA13/(AA13+'Cull Yield'!AA13))*100 -> 65.562281 | AF13: =(Q13/B13)*16 -> 0.852 | AG13: =(R13/C13)*16 -> 0.86530612 | AH13: =(S13/D13)*16 -> 0.82509804 | AI13: . | AJ13: . | AK13: . | AL13: . | AM13: . | AN13: . | AO13: . | AP13: =AVERAGE(AF13:AO13) -> 0.84746805
A14: UKYT-25-012 | B14: 12 | C14: 104 | D14: 110 | E14: . | F14: . | G14: . | H14: . | I14: . | J14: . | L14: =SUM(B14:K14) -> 226 | M14: =AVERAGE(B14:K14) -> 75.333333 | N14: =(L14/(L14+'Cull Yield'!L14))*100 -> 94.957983 | Q14: 0.79 | R14: 5.36 | S14: 3.58 | T14: 4.86 | U14: 8.55 | V14: 5.13 | W14: 1.69 | X14: 0.91 | Y14: 2.62 | Z14: 3.35 | AA14: =SUM(Q14:Z14) -> 36.84 | AB14: =AVERAGE(Q14:Z14) -> 3.684 | AC14: =(AA14/(AA14+'Cull Yield'!AA14))*100 -> 82.972973 | AF14: =(Q14/B14)*16 -> 1.0533333 | AG14: =(R14/C14)*16 -> 0.82461538 | AH14: =(S14/D14)*16 -> 0.52072727 | AI14: . | AJ14: . | AK14: . | AL14: . | AM14: . | AN14: . | AO14: . | AP14: =AVERAGE(AF14:AO14) -> 0.79955866
A15: UKYT-25-013 | B15: 30 | C15: 127 | D15: 119 | E15: . | F15: . | G15: . | H15: . | I15: . | J15: . | K15: . | L15: =SUM(B15:K15) -> 276 | M15: =AVERAGE(B15:K15) -> 92 | N15: =(L15/(L15+'Cull Yield'!L15))*100 -> 87.898089 | Q15: 1.63 | R15: 6.11 | S15: 3.61 | T15: 5.62 | U15: 0.98 | V15: 6.13 | W15: 3.71 | X15: 0.66 | Y15: 3.63 | Z15: 1.76 | AA15: =SUM(Q15:Z15) -> 33.84 | AB15: =AVERAGE(Q15:Z15) -> 3.384 | AC15: =(AA15/(AA15+'Cull Yield'!AA15))*100 -> 82.819383 | AF15: =(Q15/B15)*16 -> 0.86933333 | AG15: =(R15/C15)*16 -> 0.76976378 | AH15: =(S15/D15)*16 -> 0.48537815 | AI15: . | AJ15: . | AK15: . | AL15: . | AM15: . | AN15: . | AO15: . | AP15: =AVERAGE(AF15:AO15) -> 0.70815842
A16: UKYT-25-014 | B16: 40 | C16: 176 | D16: 78 | E16: . | F16: . | G16: . | H16: . | I16: . | J16: . | K16: . | L16: =SUM(B16:K16) -> 294 | M16: =AVERAGE(B16:K16) -> 98 | N16: =(L16/(L16+'Cull Yield'!L16))*100 -> 92.163009 | Q16: 2.24 | R16: 6.48 | S16: 2.86 | T16: 6.89 | U16: 1.56 | V16: 4.16 | W16: 2.78 | X16: 1.36 | Y16: 3.33 | Z16: 1.6 | AA16: =SUM(Q16:Z16) -> 33.26 | AB16: =AVERAGE(Q16:Z16) -> 3.326 | AC16: =(AA16/(AA16+'Cull Yield'!AA16))*100 -> 74.092225 | AF16: =(Q16/B16)*16 -> 0.896 | AG16: =(R16/C16)*16 -> 0.58909091 | AH16: =(S16/D16)*16 -> 0.58666667 | AI16: . | AJ16: . | AK16: . | AL16: . | AM16: . | AN16: . | AO16: . | AP16: =AVERAGE(AF16:AO16) -> 0.69058586
A17: UKYT-25-015 | B17: . | C17: 2 | D17: 4 | E17: 1 | F17: 0 | G17: 0 | H17: 0 | I17: 3 | J17: 5 | K17: 0 | L17: =SUM(B17:K17) -> 15 | M17: =AVERAGE(B17:K17) -> 1.6666667 | N17: =(L17/(L17+'Cull Yield'!L17))*100 -> 37.5 | Q17: . | R17: 1.95 | S17: 1.65 | T17: 0.61 | U17: 0 | V17: 0 | W17: 0 | X17: 1.35 | Y17: 3.5 | Z17: 0 | AA17: =SUM(Q17:Z17) -> 9.06 | AB17: =AVERAGE(Q17:Z17) -> 1.0066667 | AC17: =(AA17/(AA17+'Cull Yield'!AA17))*100 -> 40.195209 | AF17: . | AG17: =(R17/C17)*16 -> 15.6 | AH17: =(S17/D17)*16 -> 6.6 | AI17: =(T17/E17)*16 -> 9.76 | AJ17: . | AK17: . | AL17: . | AM17: =(X17/I17)*16 -> 7.2 | AN17: =(Y17/J17)*16 -> 11.2 | AO17: . | AP17: =AVERAGE(AF17:AO17) -> 10.072
A18: UKYT-25-016 | B18: 1 | C18: 24 | D18: 17 | E18: . | F18: . | G18: . | H18: . | I18: . | J18: . | K18: . | L18: =SUM(B18:K18) -> 42 | M18: =AVERAGE(B18:K18) -> 14 | N18: =(L18/(L18+'Cull Yield'!L18))*100 -> 68.852459 | Q18: 0.03 | R18: 0.69 | S18: 0.34 | T18: 0.76 | U18: 0.16 | V18: 0.31 | W18: 1.13 | X18: 0.21 | Y18: 0.89 | Z18: 4.61 | AA18: =SUM(Q18:Z18) -> 9.13 | AB18: =AVERAGE(Q18:Z18) -> 0.913 | AC18: =(AA18/(AA18+'Cull Yield'!AA18))*100 -> 76.146789 | AF18: =(Q18/B18)*16 -> 0.48 | AG18: =(R18/C18)*16 -> 0.46 | AH18: =(S18/D18)*16 -> 0.32 | AI18: . | AJ18: . | AK18: . | AL18: . | AM18: . | AN18: . | AO18: . | AP18: =AVERAGE(AF18:AO18) -> 0.42
A19: UKYT-25-017 | B19: 18 | C19: 77 | D19: 26 | E19: . | F19: . | G19: . | H19: . | I19: . | J19: . | K19: . | L19: =SUM(B19:K19) -> 121 | M19: =AVERAGE(B19:K19) -> 40.333333 | N19: =(L19/(L19+'Cull Yield'!L19))*100 -> 81.756757 | Q19: 1.28 | R19: 5.36 | S19: 0.89 | T19: 7.29 | U19: 3 | V19: 2.05 | W19: 3.31 | X19: 2.08 | Y19: 4.28 | Z19: 3.93 | AA19: =SUM(Q19:Z19) -> 33.47 | AB19: =AVERAGE(Q19:Z19) -> 3.347 | AC19: =(AA19/(AA19+'Cull Yield'!AA19))*100 -> 78.200935 | AF19: =(Q19/B19)*16 -> 1.1377778 | AG19: =(R19/C19)*16 -> 1.1137662 | AH19: =(S19/D19)*16 -> 0.54769231 | AI19: . | AJ19: . | AK19: . | AL19: . | AM19: . | AN19: . | AO19: . | AP19: =AVERAGE(AF19:AO19) -> 0.93307877
A21: UKYT-26-006 | B21: 39 | C21: 151 | D21: 108 | E21: . | F21: . | G21: . | H21: . | I21: . | J21: . | K21: . | L21: =SUM(B21:K21) -> 298 | M21: =AVERAGE(B21:K21) -> 99.333333 | N21: =(L21/(L21+'Cull Yield'!L21))*100 -> 84.419263 | Q21: 1.95 | R21: 6.63 | S21: 3.41 | T21: 1.54 | U21: 0.56 | V21: 1.19 | W21: 0.55 | X21: 0.89 | Y21: 0.38 | Z21: 1.86 | AA21: =SUM(Q21:Z21) -> 18.96 | AB21: =AVERAGE(Q21:Z21) -> 1.896 | AC21: =(AA21/(AA21+'Cull Yield'!AA21))*100 -> 66.901905 | AF21: =(Q21/B21)*16 -> 0.8 | AG21: =(R21/C21)*16 -> 0.70251656 | AH21: =(S21/D21)*16 -> 0.50518519 | AI21: . | AJ21: . | AK21: . | AL21: . | AM21: . | AN21: . | AO21: . | AP21: =AVERAGE(AF21:AO21) -> 0.66923391
A22: UKYT-26-011 | B22: 0 | C22: 2 | D22: 1 | E22: 6 | F22: 1 | G22: 1 | H22: 0 | I22: 5 | J22: 0 | K22: 2 | L22: =SUM(B22:K22) -> 18 | M22: =AVERAGE(B22:K22) -> 1.8 | N22: =(L22/(L22+'Cull Yield'!L22))*100 -> 28.125 | Q22: 0 | R22: 1.35 | S22: 0.65 | T22: 2.16 | U22: 0.85 | V22: 0.85 | W22: 0 | X22: 3.05 | Y22: 0 | Z22: 0.35 | AA22: =SUM(Q22:Z22) -> 9.26 | AB22: =AVERAGE(Q22:Z22) -> 0.926 | AC22: =(AA22/(AA22+'Cull Yield'!AA22))*100 -> 23.330814 | AF22: . | AG22: =(R22/C22)*16 -> 10.8 | AH22: =(S22/D22)*16 -> 10.4 | AI22: =(T22/E22)*16 -> 5.76 | AJ22: =(U22/F22)*16 -> 13.6 | AK22: =(V22/G22)*16 -> 13.6 | AL22: . | AM22: =(X22/I22)*16 -> 9.76 | AN22: . | AO22: =(Z22/K22)*16 -> 2.8 | AP22: =AVERAGE(AF22:AO22) -> 9.5314286
A23: UKYT-26-012 | B23: 3 | C23: 0 | D23: 2 | E23: 8 | F23: 2 | G23: 1 | H23: 0 | I23: 1 | J23: 3 | K23: 4 | L23: =SUM(B23:K23) -> 24 | M23: =AVERAGE(B23:K23) -> 2.4 | N23: =(L23/(L23+'Cull Yield'!L23))*100 -> 41.37931 | Q23: 3.35 | R23: 0 | S23: 1.5 | T23: 2.44 | U23: 1.75 | V23: 0.7 | W23: 0 | X23: 0.15 | Y23: 1.55 | Z23: 2.4 | AA23: =SUM(Q23:Z23) -> 13.84 | AB23: =AVERAGE(Q23:Z23) -> 1.384 | AC23: =(AA23/(AA23+'Cull Yield'!AA23))*100 -> 36.808511 | AF23: =(Q23/B23)*16 -> 17.866667 | AG23: . | AH23: =(S23/D23)*16 -> 12 | AI23: =(T23/E23)*16 -> 4.88 | AJ23: =(U23/F23)*16 -> 14 | AK23: =(V23/G23)*16 -> 11.2 | AL23: . | AM23: =(X23/I23)*16 -> 2.4 | AN23: =(Y23/J23)*16 -> 8.2666667 | AO23: =(Z23/K23)*16 -> 9.6 | AP23: =AVERAGE(AF23:AO23) -> 10.026667
A24: UKYT-26-013 | B24: 1 | C24: 3 | D24: 1 | E24: 1 | F24: 6 | G24: 12 | H24: 2 | I24: 5 | J24: 17 | K24: 10 | L24: =SUM(B24:K24) -> 58 | M24: =AVERAGE(B24:K24) -> 5.8 | N24: =(L24/(L24+'Cull Yield'!L24))*100 -> 58.585859 | Q24: 1.05 | R24: 2.4 | S24: 0.65 | T24: 0.38 | U24: 3.9 | V24: 6.,45 | W24: 0.75 | X24: 1.85 | Y24: 6.85 | Z24: 3.75 | AA24: =SUM(Q24:Z24) -> 21.58 | AB24: =AVERAGE(Q24:Z24) -> 2.3977778 | AC24: =(AA24/(AA24+'Cull Yield'!AA24))*100 -> 53.468781 | AF24: =(Q24/B24)*16 -> 16.8 | AG24: =(R24/C24)*16 -> 12.8 | AH24: =(S24/D24)*16 -> 10.4 | AI24: =(T24/E24)*16 -> 6.08 | AJ24: =(U24/F24)*16 -> 10.4 | AK24: . | AL24: =(W24/H24)*16 -> 6 | AM24: =(X24/I24)*16 -> 5.92 | AN24: =(Y24/J24)*16 -> 6.4470588 | AO24: =(Z24/K24)*16 -> 6 | AP24: =AVERAGE(AF24:AO24) -> 8.9830065
A25: UKYT-26-020 | B25: . | C25: 1 | D25: 3 | E25: 18 | F25: 0 | G25: 0 | H25: 0 | I25: 0 | J25: 4 | K25: 0 | L25: =SUM(B25:K25) -> 26 | M25: =AVERAGE(B25:K25) -> 2.8888889 | N25: =(L25/(L25+'Cull Yield'!L25))*100 -> 43.333333 | Q25: . | R25: 1.05 | S25: 1.65 | T25: 6.48 | U25: 0 | V25: 0 | W25: 0 | X25: 0 | Y25: 2.85 | Z25: 0 | AA25: =SUM(Q25:Z25) -> 12.03 | AB25: =AVERAGE(Q25:Z25) -> 1.3366667 | AC25: =(AA25/(AA25+'Cull Yield'!AA25))*100 -> 41.843478 | AF25: . | AG25: =(R25/C25)*16 -> 16.8 | AH25: =(S25/D25)*16 -> 8.8 | AI25: =(T25/E25)*16 -> 5.76 | AJ25: . | AK25: . | AL25: . | AM25: . | AN25: =(Y25/J25)*16 -> 11.4 | AO25: . | AP25: =AVERAGE(AF25:AO25) -> 10.69
A26: UKYT-26-021 | B26: 0 | C26: 2 | D26: 5 | E26: 14 | F26: 2 | G26: 0 | H26: 0 | I26: 0 | J26: 2 | K26: 0 | L26: =SUM(B26:K26) -> 25 | M26: =AVERAGE(B26:K26) -> 2.5 | N26: =(L26/(L26+'Cull Yield'!L26))*100 -> 37.878788 | Q26: 0 | R26: 0.85 | S26: 4.85 | T26: 3.75 | U26: 1.45 | V26: 0 | W26: 0 | X26: 0 | Y26: 1.55 | Z26: 0 | AA26: =SUM(Q26:Z26) -> 12.45 | AB26: =AVERAGE(Q26:Z26) -> 1.245 | AC26: =(AA26/(AA26+'Cull Yield'!AA26))*100 -> 35.714286 | AF26: . | AG26: =(R26/C26)*16 -> 6.8 | AH26: =(S26/D26)*16 -> 15.52 | AI26: =(T26/E26)*16 -> 4.2857143 | AJ26: =(U26/F26)*16 -> 11.6 | AK26: . | AL26: . | AM26: . | AN26: =(Y26/J26)*16 -> 12.4 | AO26: . | AP26: =AVERAGE(AF26:AO26) -> 10.121143
A27: UKYT-26-022 | B27: . | C27: 0 | D27: 4 | E27: 1 | F27: 1 | G27: 0 | H27: 0 | I27: 7 | J27: 8 | K27: 0 | L27: =SUM(B27:K27) -> 21 | M27: =AVERAGE(B27:K27) -> 2.3333333 | N27: =(L27/(L27+'Cull Yield'!L27))*100 -> 32.8125 | Q27: . | R27: 0 | S27: 2.75 | T27: 0.2 | U27: 0.65 | V27: 0 | W27: 0 | X27: 2.85 | Y27: 3.1 | Z27: 0 | AA27: =SUM(Q27:Z27) -> 9.55 | AB27: =AVERAGE(Q27:Z27) -> 1.0611111 | AC27: =(AA27/(AA27+'Cull Yield'!AA27))*100 -> 33.252089 | AF27: . | AG27: . | AH27: =(S27/D27)*16 -> 11 | AI27: =(T27/E27)*16 -> 3.2 | AJ27: =(U27/F27)*16 -> 10.4 | AK27: . | AL27: . | AM27: =(X27/I27)*16 -> 6.5142857 | AN27: =(Y27/J27)*16 -> 6.2 | AO27: . | AP27: =AVERAGE(AF27:AO27) -> 7.4628571
A28: UKYT-26-023 | B28: 1 | C28: 6 | D28: 9 | E28: 24 | F28: 5 | G28: 0 | H28: 2 | I28: 5 | J28: 13 | K28: 4 | L28: =SUM(B28:K28) -> 69 | M28: =AVERAGE(B28:K28) -> 6.9 | N28: =(L28/(L28+'Cull Yield'!L28))*100 -> 62.727273 | Q28: 0.8 | R28: 4.15 | S28: 5.65 | T28: 6.8 | U28: 3.25 | V28: 0 | W28: 0.7 | X28: 1.8 | Y28: 5.2 | Z28: 1.25 | AA28: =SUM(Q28:Z28) -> 29.6 | AB28: =AVERAGE(Q28:Z28) -> 2.96 | AC28: =(AA28/(AA28+'Cull Yield'!AA28))*100 -> 59.919028 | AF28: =(Q28/B28)*16 -> 12.8 | AG28: =(R28/C28)*16 -> 11.066667 | AH28: =(S28/D28)*16 -> 10.044444 | AI28: =(T28/E28)*16 -> 4.5333333 | AJ28: =(U28/F28)*16 -> 10.4 | AK28: . | AL28: =(W28/H28)*16 -> 5.6 | AM28: =(X28/I28)*16 -> 5.76 | AN28: =(Y28/J28)*16 -> 6.4 | AO28: =(Z28/K28)*16 -> 5 | AP28: =AVERAGE(AF28:AO28) -> 7.9560494
A29: UKYT-26-024 | B29: . | C29: 1 | D29: 1 | E29: . | F29: 1 | G29: 0 | H29: 0 | I29: 0 | J29: 0 | K29: 0 | L29: =SUM(B29:K29) -> 3 | M29: =AVERAGE(B29:K29) -> 0.375 | N29: =(L29/(L29+'Cull Yield'!L29))*100 -> 3.9473684 | Q29: . | R29: 0.65 | S29: 0.8 | T29: . | U29: 1.25 | V29: 0 | W29: 0 | X29: 0 | Y29: 0 | Z29: 0 | AA29: =SUM(Q29:Z29) -> 2.7 | AB29: =AVERAGE(Q29:Z29) -> 0.3375 | AC29: =(AA29/(AA29+'Cull Yield'!AA29))*100 -> 7.1240106 | AF29: . | AG29: =(R29/C29)*16 -> 10.4 | AH29: =(S29/D29)*16 -> 12.8 | AI29: . | AJ29: =(U29/F29)*16 -> 20 | AK29: . | AL29: . | AM29: . | AN29: . | AO29: . | AP29: =AVERAGE(AF29:AO29) -> 14.4
A30: UKYT-26-025 | B30: . | C30: 0 | D30: 1 | E30: 7 | F30: 3 | G30: 0 | H30: 3 | I30: 12 | J30: 12 | K30: 0 | L30: =SUM(B30:K30) -> 38 | M30: =AVERAGE(B30:K30) -> 4.2222222 | N30: =(L30/(L30+'Cull Yield'!L30))*100 -> 34.545455 | Q30: . | R30: 0 | S30: 0.95 | T30: 5.35 | U30: 0.95 | V30: 0 | W30: 0.85 | X30: 5.2 | Y30: 4.45 | Z30: 0 | AA30: =SUM(Q30:Z30) -> 17.75 | AB30: =AVERAGE(Q30:Z30) -> 1.9722222 | AC30: =(AA30/(AA30+'Cull Yield'!AA30))*100 -> 42.874396 | AF30: . | AG30: . | AH30: =(S30/D30)*16 -> 15.2 | AI30: =(T30/E30)*16 -> 12.228571 | AJ30: =(U30/F30)*16 -> 5.0666667 | AK30: . | AL30: =(W30/H30)*16 -> 4.5333333 | AM30: =(X30/I30)*16 -> 6.9333333 | AN30: =(Y30/J30)*16 -> 5.9333333 | AO30: . | AP30: =AVERAGE(AF30:AO30) -> 8.315873
A31: UKYT-26-026 | B31: 0 | C31: 0 | D31: 4 | E31: 3 | F31: 0 | G31: 0 | H31: 0 | I31: 1 | J31: 0 | K31: 0 | L31: =SUM(B31:K31) -> 8 | M31: =AVERAGE(B31:K31) -> 0.8 | N31: =(L31/(L31+'Cull Yield'!L31))*100 -> 12.698413 | Q31: 0 | R31: 0 | S31: 3.2 | T31: 2.05 | U31: 0 | V31: 0 | W31: 0 | X31: 0.45 | Y31: 0 | Z31: 0 | AA31: =SUM(Q31:Z31) -> 5.7 | AB31: =AVERAGE(Q31:Z31) -> 0.57 | AC31: =(AA31/(AA31+'Cull Yield'!AA31))*100 -> 13.953488 | AF31: . | AG31: . | AH31: =(S31/D31)*16 -> 12.8 | AI31: =(T31/E31)*16 -> 10.933333 | AJ31: . | AK31: . | AL31: . | AM31: =(X31/I31)*16 -> 7.2 | AN31: . | AO31: . | AP31: =AVERAGE(AF31:AO31) -> 10.311111
A32: UKYT-26-027 | B32: . | C32: 0 | D32: 9 | E32: 12 | F32: 4 | G32: 1 | H32: 1 | I32: 3 | J32: 2 | K32: 3 | L32: =SUM(B32:K32) -> 35 | M32: =AVERAGE(B32:K32) -> 3.8888889 | N32: =(L32/(L32+'Cull Yield'!L32))*100 -> 50 | Q32: . | R32: 0 | S32: 9.65 | T32: 9.05 | U32: 3.3 | V32: 0.85 | W32: 0.8 | X32: 1.35 | Y32: 1.1 | Z32: 1.2 | AA32: =SUM(Q32:Z32) -> 27.3 | AB32: =AVERAGE(Q32:Z32) -> 3.0333333 | AC32: =(AA32/(AA32+'Cull Yield'!AA32))*100 -> 51.851852 | AF32: . | AG32: . | AH32: =(S32/D32)*16 -> 17.155556 | AI32: =(T32/E32)*16 -> 12.066667 | AJ32: =(U32/F32)*16 -> 13.2 | AK32: =(V32/G32)*16 -> 13.6 | AL32: =(W32/H32)*16 -> 12.8 | AM32: =(X32/I32)*16 -> 7.2 | AN32: =(Y32/J32)*16 -> 8.8 | AO32: =(Z32/K32)*16 -> 6.4 | AP32: =AVERAGE(AF32:AO32) -> 11.402778
A33: UKYT-26-028 | B33: 3 | C33: 8 | D33: 4 | E33: 16 | F33: 4 | G33: 3 | H33: 0 | I33: 4 | J33: 6 | K33: 8 | L33: =SUM(B33:K33) -> 56 | M33: =AVERAGE(B33:K33) -> 5.6 | N33: =(L33/(L33+'Cull Yield'!L33))*100 -> 60.215054 | Q33: 2.2 | R33: 5.6 | S33: 1.65 | T33: 8.95 | U33: 1.75 | V33: 2.25 | W33: 0 | X33: 1.7 | Y33: 2.3 | Z33: 3.85 | AA33: =SUM(Q33:Z33) -> 30.25 | AB33: =AVERAGE(Q33:Z33) -> 3.025 | AC33: =(AA33/(AA33+'Cull Yield'!AA33))*100 -> 63.617245 | AF33: =(Q33/B33)*16 -> 11.733333 | AG33: =(R33/C33)*16 -> 11.2 | AH33: =(S33/D33)*16 -> 6.6 | AI33: =(T33/E33)*16 -> 8.95 | AJ33: =(U33/F33)*16 -> 7 | AK33: =(V33/G33)*16 -> 12 | AL33: . | AM33: =(X33/I33)*16 -> 6.8 | AN33: =(Y33/J33)*16 -> 6.1333333 | AO33: =(Z33/K33)*16 -> 7.7 | AP33: =AVERAGE(AF33:AO33) -> 8.6796296
A34: UKYT-26-029 | B34: 1 | C34: 9 | D34: 7 | E34: 42 | F34: 26 | G34: 11 | H34: 5 | I34: 8 | J34: 16 | K34: 7 | L34: =SUM(B34:K34) -> 132 | M34: =AVERAGE(B34:K34) -> 13.2 | N34: =(L34/(L34+'Cull Yield'!L34))*100 -> 58.666667 | Q34: 0.5 | R34: 3.15 | S34: 2.9 | T34: 14.75 | U34: 8.7 | V34: 2.8 | W34: 1.35 | X34: 2.25 | Y34: 3.65 | Z34: 1.7 | AA34: =SUM(Q34:Z34) -> 41.75 | AB34: =AVERAGE(Q34:Z34) -> 4.175 | AC34: =(AA34/(AA34+'Cull Yield'!AA34))*100 -> 63.886764 | AF34: =(Q34/B34)*16 -> 8 | AG34: =(R34/C34)*16 -> 5.6 | AH34: =(S34/D34)*16 -> 6.6285714 | AI34: =(T34/E34)*16 -> 5.6190476 | AJ34: =(U34/F34)*16 -> 5.3538462 | AK34: =(V34/G34)*16 -> 4.0727273 | AL34: =(W34/H34)*16 -> 4.32 | AM34: =(X34/I34)*16 -> 4.5 | ... AO34: =(Z34/K34)*16 -> 3.8857143 | AP34: =AVERAGE(AF34:AO34) -> 5.1629907
A35: UKYT-26-030 | B35: 1 | C35: 8 | D35: 21 | E35: 37 | F35: 27 | G35: 6 | H35: 3 | I35: 0 | J35: 3 | K35: 0 | L35: =SUM(B35:K35) -> 106 | M35: =AVERAGE(B35:K35) -> 10.6 | N35: =(L35/(L35+'Cull Yield'!L35))*100 -> 44.166667 | Q35: 0.3 | R35: 1.85 | S35: 4.35 | T35: 8.25 | U35: 4.9 | V35: 0.9 | W35: 0.45 | X35: 0 | Y35: 0.5 | Z35: 0 | AA35: =SUM(Q35:Z35) -> 21.5 | AB35: =AVERAGE(Q35:Z35) -> 2.15 | AC35: =(AA35/(AA35+'Cull Yield'!AA35))*100 -> 52.247874 | AF35: =(Q35/B35)*16 -> 4.8 | AG35: =(R35/C35)*16 -> 3.7 | AH35: =(S35/D35)*16 -> 3.3142857 | AI35: =(T35/E35)*16 -> 3.5675676 | AJ35: =(U35/F35)*16 -> 2.9037037 | AK35: =(V35/G35)*16 -> 2.4 | AL35: =(W35/H35)*16 -> 2.4 | AM35: . | AN35: =(Y35/J35)*16 -> 2.6666667 | AO35: . | AP35: =AVERAGE(AF35:AO35) -> 3.219028
A36: UKYT-26-031 | B36: 2 | C36: 5 | D36: 23 | E36: 15 | F36: 13 | G36: 7 | H36: 7 | I36: 3 | J36: 1 | K36: 18 | L36: =SUM(B36:K36) -> 94 | M36: =AVERAGE(B36:K36) -> 9.4 | N36: =(L36/(L36+'Cull Yield'!L36))*100 -> 41.777778 | Q36: 0.85 | R36: 2.1 | S36: 9.55 | T36: 6.1 | U36: 5.1 | V36: 1.95 | W36: 1.95 | X36: 0.95 | Y36: 0.1 | Z36: 3.1 | AA36: =SUM(Q36:Z36) -> 31.75 | AB36: =AVERAGE(Q36:Z36) -> 3.175 | AC36: =(AA36/(AA36+'Cull Yield'!AA36))*100 -> 51.045016 | AF36: =(Q36/B36)*16 -> 6.8 | AG36: =(R36/C36)*16 -> 6.72 | AH36: =(S36/D36)*16 -> 6.6434783 | AI36: =(T36/E36)*16 -> 6.5066667 | AJ36: =(U36/F36)*16 -> 6.2769231 | AK36: =(V36/G36)*16 -> 4.4571429 | AL36: =(W36/H36)*16 -> 4.4571429 | AM36: =(X36/I36)*16 -> 5.0666667 | ... AO36: =(Z36/K36)*16 -> 2.7555556 | AP36: =AVERAGE(AF36:AO36) -> 5.1283576
A38: Cherokee Purple | B38: 2 | C38: 2 | D38: 2 | E38: 1 | F38: 0 | G38: 0 | H38: 0 | I38: 0 | J38: 0 | K38: 0 | L38: =SUM(B38:K38) -> 7 | M38: =AVERAGE(B38:K38) -> 0.7 | N38: =(L38/(L38+'Cull Yield'!L38))*100 -> 9.4594595 | Q38: 1.35 | R38: 0.9 | S38: 1.15 | T38: 0.26 | U38: 0 | V38: 0 | W38: 0 | X38: 0 | Y38: 0 | Z38: 0 | AA38: =SUM(Q38:Z38) -> 3.66 | AB38: =AVERAGE(Q38:Z38) -> 0.366 | AC38: =(AA38/(AA38+'Cull Yield'!AA38))*100 -> 9.3272171 | AF38: =(Q38/B38)*16 -> 10.8 | AG38: =(R38/C38)*16 -> 7.2 | AH38: =(S38/D38)*16 -> 9.2 | AI38: =(T38/E38)*16 -> 4.16 | AJ38: . | AK38: . | AL38: . | AM38: . | AN38: . | AO38: . | AP38: =AVERAGE(AF38:AO38) -> 7.84
A39: UKYT-26-033 | B39: 3 | C39: 38 | D39: 19 | E39: 15 | F39: 6 | G39: 1 | H39: 8 | I39: 10 | J39: 8 | K39: 4 | L39: =SUM(B39:K39) -> 112 | M39: =AVERAGE(B39:K39) -> 11.2 | N39: =(L39/(L39+'Cull Yield'!L39))*100 -> 58.333333 | Q39: 1.45 | R39: 9.75 | S39: 4.9 | T39: 2.04 | U39: 1.9 | V39: 0.3 | W39: 2.3 | X39: 2.75 | Y39: 1.7 | Z39: 0.65 | AA39: =SUM(Q39:Z39) -> 27.74 | AB39: =AVERAGE(Q39:Z39) -> 2.774 | AC39: =(AA39/(AA39+'Cull Yield'!AA39))*100 -> 61.781737 | AF39: =(Q39/B39)*16 -> 7.7333333 | AG39: =(R39/C39)*16 -> 4.1052632 | AH39: =(S39/D39)*16 -> 4.1263158 | AI39: =(T39/E39)*16 -> 2.176 | AJ39: =(U39/F39)*16 -> 5.0666667 | AK39: =(V39/G39)*16 -> 4.8 | AL39: =(W39/H39)*16 -> 4.6 | AM39: =(X39/I39)*16 -> 4.4 | ... AO39: =(Z39/K39)*16 -> 2.6 | AP39: =AVERAGE(AF39:AO39) -> 4.3007579
A40: UKYT-26-034 | B40: 1 | C40: 13 | D40: 15 | E40: 7 | F40: 6 | G40: 0 | H40: 10 | I40: 0 | J40: 0 | K40: 5 | L40: =SUM(B40:K40) -> 57 | M40: =AVERAGE(B40:K40) -> 5.7 | N40: =(L40/(L40+'Cull Yield'!L40))*100 -> 45.6 | Q40: 0.35 | R40: 4.2 | S40: 5.7 | T40: 1.06 | U40: 1.9 | V40: 0 | W40: 2.55 | X40: 0 | Y40: 0 | Z40: 0.5 | AA40: =SUM(Q40:Z40) -> 16.26 | AB40: =AVERAGE(Q40:Z40) -> 1.626 | AC40: =(AA40/(AA40+'Cull Yield'!AA40))*100 -> 52.964169 | AF40: =(Q40/B40)*16 -> 5.6 | AG40: =(R40/C40)*16 -> 5.1692308 | AH40: =(S40/D40)*16 -> 6.08 | AI40: =(T40/E40)*16 -> 2.4228571 | AJ40: =(U40/F40)*16 -> 5.0666667 | AK40: . | AL40: =(W40/H40)*16 -> 4.08 | AM40: . | AN40: . | AO40: =(Z40/K40)*16 -> 1.6 | AP40: =AVERAGE(AF40:AO40) -> 4.2883935
A41: UKYT-26-035 | B41: 0 | C41: 5 | D41: 14 | E41: 13 | F41: 18 | G41: 4 | H41: 0 | I41: 18 | J41: 0 | K41: 4 | L41: =SUM(B41:K41) -> 76 | M41: =AVERAGE(B41:K41) -> 7.6 | N41: =(L41/(L41+'Cull Yield'!L41))*100 -> 25 | Q41: 0 | R41: 1 | S41: 2.8 | T41: 1.3 | U41: 3.4 | V41: 0.55 | W41: 0 | X41: 2.5 | Y41: 0 | Z41: 0.4 | AA41: =SUM(Q41:Z41) -> 11.95 | AB41: =AVERAGE(Q41:Z41) -> 1.195 | AC41: =(AA41/(AA41+'Cull Yield'!AA41))*100 -> 30.391658 | AF41: . | AG41: =(R41/C41)*16 -> 3.2 | AH41: =(S41/D41)*16 -> 3.2 | AI41: =(T41/E41)*16 -> 1.6 | AJ41: =(U41/F41)*16 -> 3.0222222 | AK41: =(V41/G41)*16 -> 2.2 | AL41: . | AM41: =(X41/I41)*16 -> 2.2222222 | AN41: . | AO41: =(Z41/K41)*16 -> 1.6 | AP41: =AVERAGE(AF41:AO41) -> 2.4349206
A42: UKYT-26-037 | B42: 2 | C42: 9 | D42: 15 | E42: 15 | F42: 15 | G42: 13 | H42: 8 | I42: 25 | J42: 10 | K42: 5 | L42: =SUM(B42:K42) -> 117 | M42: =AVERAGE(B42:K42) -> 11.7 | N42: =(L42/(L42+'Cull Yield'!L42))*100 -> 66.477273 | Q42: 0.5 | R42: 3.7 | S42: 6 | T42: 2.62 | U42: 6.05 | V42: 3.2 | W42: 2 | X42: 6.5 | Y42: 1.7 | Z42: 1.1 | AA42: =SUM(Q42:Z42) -> 33.37 | AB42: =AVERAGE(Q42:Z42) -> 3.337 | AC42: =(AA42/(AA42+'Cull Yield'!AA42))*100 -> 74.13908 | AF42: =(Q42/B42)*16 -> 4 | AG42: =(R42/C42)*16 -> 6.5777778 | AH42: =(S42/D42)*16 -> 6.4 | AI42: =(T42/E42)*16 -> 2.7946667 | AJ42: =(U42/F42)*16 -> 6.4533333 | AK42: =(V42/G42)*16 -> 3.9384615 | AL42: =(W42/H42)*16 -> 4 | AM42: =(X42/I42)*16 -> 4.16 | ... AO42: =(Z42/K42)*16 -> 3.52 | AP42: =AVERAGE(AF42:AO42) -> 4.4564239
A43: UKYT-26-038 | B43: . | C43: 10 | D43: 2 | E43: 2 | F43: 3 | G43: 0 | H43: 3 | I43: 4 | J43: 2 | K43: 1 | L43: =SUM(B43:K43) -> 27 | M43: =AVERAGE(B43:K43) -> 3 | N43: =(L43/(L43+'Cull Yield'!L43))*100 -> 38.028169 | Q43: . | R43: 4.8 | S43: 0.95 | T43: 0.36 | U43: 1.4 | V43: 0 | W43: 1 | X43: 1.3 | Y43: 0.9 | Z43: 0.35 | AA43: =SUM(Q43:Z43) -> 11.06 | AB43: =AVERAGE(Q43:Z43) -> 1.2288889 | AC43: =(AA43/(AA43+'Cull Yield'!AA43))*100 -> 48.423818 | AF43: . | AG43: =(R43/C43)*16 -> 7.68 | AH43: =(S43/D43)*16 -> 7.6 | AI43: =(T43/E43)*16 -> 2.88 | AJ43: =(U43/F43)*16 -> 7.4666667 | AK43: . | AL43: =(W43/H43)*16 -> 5.3333333 | AM43: =(X43/I43)*16 -> 5.2 | AN43: =(Y43/J43)*16 -> 7.2 | AO43: =(Z43/K43)*16 -> 5.6 | AP43: =AVERAGE(AF43:AO43) -> 6.12
A44: UKYT-26-039 | B44: 0 | C44: 4 | D44: 7 | E44: 3 | F44: 3 | G44: 12 | H44: 3 | I44: 0 | J44: 0 | K44: 2 | L44: =SUM(B44:K44) -> 34 | M44: =AVERAGE(B44:K44) -> 3.4 | N44: =(L44/(L44+'Cull Yield'!L44))*100 -> 16.267943 | Q44: 0 | R44: 1.45 | S44: 2.95 | T44: 0.68 | U44: 1.45 | V44: 4 | W44: 1 | X44: 0 | Y44: 0 | Z44: 0.35 | AA44: =SUM(Q44:Z44) -> 11.88 | AB44: =AVERAGE(Q44:Z44) -> 1.188 | AC44: =(AA44/(AA44+'Cull Yield'!AA44))*100 -> 18.785579 | AF44: . | AG44: =(R44/C44)*16 -> 5.8 | AH44: =(S44/D44)*16 -> 6.7428571 | AI44: =(T44/E44)*16 -> 3.6266667 | AJ44: =(U44/F44)*16 -> 7.7333333 | AK44: =(V44/G44)*16 -> 5.3333333 | AL44: =(W44/H44)*16 -> 5.3333333 | AM44: . | AN44: . | AO44: =(Z44/K44)*16 -> 2.8 | AP44: =AVERAGE(AF44:AO44) -> 5.3385034
A45: UKYT-26-001 | B45: . | C45: 0 | D45: 2 | E45: 2 | F45: 0 | G45: 1 | H45: 0 | I45: 0 | J45: 0 | K45: 2 | L45: =SUM(B45:K45) -> 7 | M45: =AVERAGE(B45:K45) -> 0.77777778 | N45: =(L45/(L45+'Cull Yield'!L45))*100 -> 6.7307692 | Q45: . | R45: 0 | S45: 0.55 | T45: 0.24 | U45: 0 | V45: 0.1 | W45: 0 | X45: 0 | Y45: 0 | Z45: 0.3 | AA45: =SUM(Q45:Z45) -> 1.19 | AB45: =AVERAGE(Q45:Z45) -> 0.13222222 | AC45: =(AA45/(AA45+'Cull Yield'!AA45))*100 -> 10.067682 | AF45: . | AG45: . | AH45: =(S45/D45)*16 -> 4.4 | AI45: =(T45/E45)*16 -> 1.92 | AJ45: . | AK45: =(V45/G45)*16 -> 1.6 | AL45: . | AM45: . | AN45: . | AO45: =(Z45/K45)*16 -> 2.4 | AP45: =AVERAGE(AF45:AO45) -> 2.58
A46: Mountain Fresh Plus | B46: . | C46: 0 | D46: 10 | E46: 17 | F46: 0 | G46: 0 | H46: 1 | I46: 2 | J46: 4 | K46: 28 | L46: =SUM(B46:K46) -> 62 | M46: =AVERAGE(B46:K46) -> 6.8888889 | N46: =(L46/(L46+'Cull Yield'!L46))*100 -> 52.542373 | Q46: . | R46: 0 | S46: 6.4 | T46: 5.52 | U46: 0 | V46: 0 | W46: 0.55 | X46: 0.85 | Y46: 1.85 | Z46: 14.1 | AA46: =SUM(Q46:Z46) -> 29.27 | AB46: =AVERAGE(Q46:Z46) -> 3.2522222 | AC46: =(AA46/(AA46+'Cull Yield'!AA46))*100 -> 51.832832 | AF46: . | AG46: . | AH46: =(S46/D46)*16 -> 10.24 | AI46: =(T46/E46)*16 -> 5.1952941 | AJ46: . | AK46: . | AL46: =(W46/H46)*16 -> 8.8 | AM46: =(X46/I46)*16 -> 6.8 | AN46: =(Y46/J46)*16 -> 7.4 | AO46: =(Z46/K46)*16 -> 8.0571429 | AP46: =AVERAGE(AF46:AO46) -> 7.7487395
A47: UKYT-26-014 | B47: 5 | C47: 8 | D47: 3 | E47: 17 | F47: 2 | G47: 0 | H47: 0 | I47: 0 | J47: 0 | K47: 0 | L47: =SUM(B47:K47) -> 35 | M47: =AVERAGE(B47:K47) -> 3.5 | N47: =(L47/(L47+'Cull Yield'!L47))*100 -> 53.030303 | Q47: 4.7 | R47: 3.2 | S47: 1.25 | T47: 3.16 | U47: 1.05 | V47: 0 | W47: 0 | X47: 0 | Y47: 0 | Z47: 0 | AA47: =SUM(Q47:Z47) -> 13.36 | AB47: =AVERAGE(Q47:Z47) -> 1.336 | AC47: =(AA47/(AA47+'Cull Yield'!AA47))*100 -> 51.424172 | AF47: =(Q47/B47)*16 -> 15.04 | AG47: =(R47/C47)*16 -> 6.4 | AH47: =(S47/D47)*16 -> 6.6666667 | AI47: =(T47/E47)*16 -> 2.9741176 | AJ47: =(U47/F47)*16 -> 8.4 | AK47: . | AL47: . | AM47: . | AN47: . | AO47: . | AP47: =AVERAGE(AF47:AO47) -> 7.8961569
A48: UKYT-26-015 | B48: 24 | C48: 61 | D48: 58 | E48: . | F48: . | G48: . | H48: . | I48: . | J48: . | K48: . | L48: =SUM(B48:K48) -> 143 | M48: =AVERAGE(B48:K48) -> 47.666667 | N48: =(L48/(L48+'Cull Yield'!L48))*100 -> 87.730061 | Q48: 1.89 | R48: 4.74 | S48: 2.83 | T48: 5.75 | U48: 1.11 | V48: 4.25 | W48: 1.81 | X48: 1.51 | Y48: 1.07 | Z48: 3.21 | AA48: =SUM(Q48:Z48) -> 28.17 | AB48: =AVERAGE(Q48:Z48) -> 2.817 | AC48: =(AA48/(AA48+'Cull Yield'!AA48))*100 -> 77.432655 | AF48: =(Q48/B48)*16 -> 1.26 | AG48: =(R48/C48)*16 -> 1.2432787 | AH48: =(S48/D48)*16 -> 0.78068966 | AI48: . | AJ48: . | AK48: . | AL48: . | AM48: . | AN48: . | AO48: . | AP48: =AVERAGE(AF48:AO48) -> 1.0946561
A49: UKYT-26-016 | B49: . | C49: 0 | D49: 5 | E49: 13 | F49: 0 | G49: 0 | H49: 1 | I49: 0 | J49: 1 | K49: 1 | L49: =SUM(B49:K49) -> 21 | M49: =AVERAGE(B49:K49) -> 2.3333333 | N49: =(L49/(L49+'Cull Yield'!L49))*100 -> 24.137931 | Q49: . | R49: 0 | S49: 2.65 | T49: 5 | U49: 0 | V49: 0 | W49: 0.55 | X49: 0 | Y49: 0.5 | Z49: 0.55 | AA49: =SUM(Q49:Z49) -> 9.25 | AB49: =AVERAGE(Q49:Z49) -> 1.0277778 | AC49: =(AA49/(AA49+'Cull Yield'!AA49))*100 -> 18.908422 | AF49: . | AG49: . | AH49: =(S49/D49)*16 -> 8.48 | AI49: =(T49/E49)*16 -> 6.1538462 | AJ49: . | AK49: . | AL49: =(W49/H49)*16 -> 8.8 | AM49: . | AN49: =(Y49/J49)*16 -> 8 | AO49: =(Z49/K49)*16 -> 8.8 | AP49: =AVERAGE(AF49:AO49) -> 8.0467692
A50: UKYT-26-017 | B50: . | C50: . | D50: 0 | E50: 0 | F50: 1 | G50: 0 | H50: 0 | I50: 0 | J50: 0 | K50: 0 | L50: =SUM(B50:K50) -> 1 | M50: =AVERAGE(B50:K50) -> 0.125 | N50: =(L50/(L50+'Cull Yield'!L50))*100 -> 1.7857143 | Q50: . | R50: . | S50: 0 | T50: 0 | U50: 0.6 | V50: 0 | W50: 0 | X50: 0 | Y50: 0 | Z50: 0 | AA50: =SUM(Q50:Z50) -> 0.6 | AB50: =AVERAGE(Q50:Z50) -> 0.075 | AC50: =(AA50/(AA50+'Cull Yield'!AA50))*100 -> 1.8226002 | AF50: . | AG50: . | AH50: . | AI50: . | AJ50: =(U50/F50)*16 -> 9.6 | AK50: . | AL50: . | AM50: . | AN50: . | AO50: . | AP50: =AVERAGE(AF50:AO50) -> 9.6
A51: UKYT-26-018 | B51: . | C51: 0 | D51: 2 | E51: 2 | F51: 2 | G51: 1 | H51: 0 | I51: 0 | J51: 4 | K51: 4 | L51: =SUM(B51:K51) -> 15 | M51: =AVERAGE(B51:K51) -> 1.6666667 | N51: =(L51/(L51+'Cull Yield'!L51))*100 -> 19.230769 | Q51: . | R51: 0 | S51: 1.15 | T51: 0.62 | U51: 1.25 | V51: 0.25 | W51: 0 | X51: 0 | Y51: 1.45 | Z51: 1.3 | AA51: =SUM(Q51:Z51) -> 6.02 | AB51: =AVERAGE(Q51:Z51) -> 0.66888889 | AC51: =(AA51/(AA51+'Cull Yield'!AA51))*100 -> 20.05998 | AF51: . | AG51: . | AH51: =(S51/D51)*16 -> 9.2 | AI51: =(T51/E51)*16 -> 4.96 | AJ51: =(U51/F51)*16 -> 10 | AK51: =(V51/G51)*16 -> 4 | AL51: . | AM51: . | AN51: =(Y51/J51)*16 -> 5.8 | AO51: =(Z51/K51)*16 -> 5.2 | AP51: =AVERAGE(AF51:AO51) -> 6.5266667
A52: UKYT-26-019 | B52: . | C52: 0 | D52: 2 | E52: 0 | F52: 3 | G52: 0 | H52: 1 | I52: 0 | J52: 0 | K52: 1 | L52: =SUM(B52:K52) -> 7 | M52: =AVERAGE(B52:K52) -> 0.77777778 | N52: =(L52/(L52+'Cull Yield'!L52))*100 -> 8.6419753 | Q52: . | R52: 0 | S52: 1 | T52: 0 | U52: 1.8 | V52: 0 | W52: 0.55 | X52: 0 | Y52: 0 | Z52: 0.45 | AA52: =SUM(Q52:Z52) -> 3.8 | AB52: =AVERAGE(Q52:Z52) -> 0.42222222 | AC52: =(AA52/(AA52+'Cull Yield'!AA52))*100 -> 10.882016 | AF52: . | AG52: . | AH52: =(S52/D52)*16 -> 8 | AI52: . | AJ52: =(U52/F52)*16 -> 9.6 | AK52: . | AL52: =(W52/H52)*16 -> 8.8 | AM52: . | AN52: . | AO52: =(Z52/K52)*16 -> 7.2 | AP52: =AVERAGE(AF52:AO52) -> 8.4
A53: UKYT-26-032 | B53: 0 | C53: 4 | D53: 7 | E53: 0 | F53: 0 | G53: 2 | H53: 4 | I53: 9 | J53: 3 | K53: 11 | L53: =SUM(B53:K53) -> 40 | M53: =AVERAGE(B53:K53) -> 4 | N53: =(L53/(L53+'Cull Yield'!L53))*100 -> 21.857923 | Q53: 0 | R53: 1.45 | S53: 2.95 | T53: 0 | U53: 0 | V53: 0.35 | W53: 1.35 | X53: 2.4 | Y53: 0.8 | Z53: 3.8 | AA53: =SUM(Q53:Z53) -> 13.1 | AB53: =AVERAGE(Q53:Z53) -> 1.31 | AC53: =(AA53/(AA53+'Cull Yield'!AA53))*100 -> 25.172944 | AF53: . | AG53: =(R53/C53)*16 -> 5.8 | AH53: =(S53/D53)*16 -> 6.7428571 | AI53: . | AJ53: . | AK53: =(V53/G53)*16 -> 2.8 | AL53: =(W53/H53)*16 -> 5.4 | AM53: =(X53/I53)*16 -> 4.2666667 | AN53: =(Y53/J53)*16 -> 4.2666667 | AO53: =(Z53/K53)*16 -> 5.5272727 | AP53: =AVERAGE(AF53:AO53) -> 4.9719233
A54: UKYT-26-036 | B54: 4 | C54: 19 | D54: 14 | E54: 33 | F54: 10 | G54: 3 | H54: 2 | I54: 14 | J54: 11 | K54: 11 | L54: =SUM(B54:K54) -> 121 | M54: =AVERAGE(B54:K54) -> 12.1 | N54: =(L54/(L54+'Cull Yield'!L54))*100 -> 57.075472 | Q54: 2.1 | R54: 7.05 | S54: 3.8 | T54: 4.4 | U54: 3.65 | V54: 1.1 | W54: 0.7 | X54: 4.5 | Y54: 2.8 | Z54: 2.75 | AA54: =SUM(Q54:Z54) -> 32.85 | AB54: =AVERAGE(Q54:Z54) -> 3.285 | AC54: =(AA54/(AA54+'Cull Yield'!AA54))*100 -> 62.870813 | AF54: =(Q54/B54)*16 -> 8.4 | AG54: =(R54/C54)*16 -> 5.9368421 | AH54: =(S54/D54)*16 -> 4.3428571 | AI54: =(T54/E54)*16 -> 2.1333333 | AJ54: =(U54/F54)*16 -> 5.84 | AK54: =(V54/G54)*16 -> 5.8666667 | AL54: =(W54/H54)*16 -> 5.6 | AM54: =(X54/I54)*16 -> 5.1428571 | ... AO54: =(Z54/K54)*16 -> 4 | AP54: =AVERAGE(AF54:AO54) -> 5.1335284
A56: NC 23706G | B56: 0 | C56: 0 | D56: 1 | E56: 7 | F56: 1 | G56: 2 | H56: 4 | I56: 4 | J56: 3 | K56: 2 | L56: =SUM(B56:K56) -> 24 | M56: =AVERAGE(B56:K56) -> 2.4 | N56: =(L56/(L56+'Cull Yield'!L56))*100 -> 20.338983 | Q56: 0 | R56: 0 | S56: 0.6 | T56: 2.8 | U56: 0.7 | V56: 1.9 | W56: 2.45 | X56: 2.25 | Y56: 1.65 | Z56: 0.5 | AA56: =SUM(Q56:Z56) -> 12.85 | AB56: =AVERAGE(Q56:Z56) -> 1.285 | AC56: =(AA56/(AA56+'Cull Yield'!AA56))*100 -> 19.660343 | AF56: . | AG56: . | AH56: =(S56/D56)*16 -> 9.6 | AI56: =(T56/E56)*16 -> 6.4 | AJ56: =(U56/F56)*16 -> 11.2 | AK56: =(V56/G56)*16 -> 15.2 | AL56: =(W56/H56)*16 -> 9.8 | AM56: =(X56/I56)*16 -> 9 | AN56: =(Y56/J56)*16 -> 8.8 | AO56: =(Z56/K56)*16 -> 4 | AP56: =AVERAGE(AF56:AO56) -> 9.25
A57: NC 23926G | B57: . | C57: 0 | D57: 2 | E57: 10 | F57: 3 | G57: 0 | H57: 0 | I57: 0 | J57: 1 | K57: 4 | L57: =SUM(B57:K57) -> 20 | M57: =AVERAGE(B57:K57) -> 2.2222222 | N57: =(L57/(L57+'Cull Yield'!L57))*100 -> 29.411765 | Q57: . | R57: 0 | S57: 1.3 | T57: 3.94 | U57: 2.4 | V57: 0 | W57: 0 | X57: 0 | Y57: 0.5 | Z57: 2.55 | AA57: =SUM(Q57:Z57) -> 10.69 | AB57: =AVERAGE(Q57:Z57) -> 1.1877778 | AC57: =(AA57/(AA57+'Cull Yield'!AA57))*100 -> 22.073095 | AF57: . | AG57: . | AH57: =(S57/D57)*16 -> 10.4 | AI57: =(T57/E57)*16 -> 6.304 | AJ57: =(U57/F57)*16 -> 12.8 | AK57: . | AL57: . | AM57: . | AN57: =(Y57/J57)*16 -> 8 | AO57: =(Z57/K57)*16 -> 10.2 | AP57: =AVERAGE(AF57:AO57) -> 9.5408
A58: NC 24271G | B58: 1 | C58: 2 | D58: 2 | E58: 15 | F58: 8 | G58: 1 | H58: 0 | I58: 12 | J58: 20 | K58: 3 | L58: =SUM(B58:K58) -> 64 | M58: =AVERAGE(B58:K58) -> 6.4 | N58: =(L58/(L58+'Cull Yield'!L58))*100 -> 49.230769 | Q58: 0.5 | R58: 0.6 | S58: 1.05 | T58: 4.24 | U58: 3.95 | V58: 0.95 | W58: 0 | X58: 3.85 | Y58: 7.45 | Z58: 1 | AA58: =SUM(Q58:Z58) -> 23.59 | AB58: =AVERAGE(Q58:Z58) -> 2.359 | AC58: =(AA58/(AA58+'Cull Yield'!AA58))*100 -> 53.154574 | AF58: =(Q58/B58)*16 -> 8 | AG58: =(R58/C58)*16 -> 4.8 | AH58: =(S58/D58)*16 -> 8.4 | AI58: =(T58/E58)*16 -> 4.5226667 | AJ58: =(U58/F58)*16 -> 7.9 | AK58: =(V58/G58)*16 -> 15.2 | AL58: . | AM58: =(X58/I58)*16 -> 5.1333333 | AN58: =(Y58/J58)*16 -> 5.96 | AO58: =(Z58/K58)*16 -> 5.3333333 | AP58: =AVERAGE(AF58:AO58) -> 7.2499259
A59: NC 25202G | B59: 9 | C59: 6 | D59: 15 | E59: 17 | F59: 6 | G59: 0 | H59: 5 | I59: 12 | J59: 0 | K59: 2 | L59: =SUM(B59:K59) -> 72 | M59: =AVERAGE(B59:K59) -> 7.2 | N59: =(L59/(L59+'Cull Yield'!L59))*100 -> 47.368421 | Q59: 5.35 | R59: 2.7 | S59: 6.8 | T59: 3.88 | U59: 2.5 | V59: 0 | W59: 1.4 | X59: 3.55 | Y59: 0 | Z59: 0.35 | AA59: =SUM(Q59:Z59) -> 26.53 | AB59: =AVERAGE(Q59:Z59) -> 2.653 | AC59: =(AA59/(AA59+'Cull Yield'!AA59))*100 -> 56.112521 | AF59: =(Q59/B59)*16 -> 9.5111111 | AG59: =(R59/C59)*16 -> 7.2 | AH59: =(S59/D59)*16 -> 7.2533333 | AI59: =(T59/E59)*16 -> 3.6517647 | AJ59: =(U59/F59)*16 -> 6.6666667 | AK59: . | AL59: =(W59/H59)*16 -> 4.48 | AM59: =(X59/I59)*16 -> 4.7333333 | AN59: . | AO59: =(Z59/K59)*16 -> 2.8 | AP59: =AVERAGE(AF59:AO59) -> 5.7870261
A60: NC 25203G | B60: 0 | C60: 1 | D60: 2 | E60: 12 | F60: 1 | G60: 2 | H60: 2 | I60: 6 | J60: 28 | K60: 2 | L60: =SUM(B60:K60) -> 56 | M60: =AVERAGE(B60:K60) -> 5.6 | N60: =(L60/(L60+'Cull Yield'!L60))*100 -> 47.863248 | Q60: 0 | R60: 0.85 | S60: 1.35 | T60: 4.52 | U60: 0.55 | V60: 1.5 | W60: 0.8 | X60: 3 | Y60: 12.1 | Z60: 0.75 | AA60: =SUM(Q60:Z60) -> 25.42 | AB60: =AVERAGE(Q60:Z60) -> 2.542 | AC60: =(AA60/(AA60+'Cull Yield'!AA60))*100 -> 43.835144 | AF60: . | AG60: =(R60/C60)*16 -> 13.6 | AH60: =(S60/D60)*16 -> 10.8 | AI60: =(T60/E60)*16 -> 6.0266667 | AJ60: =(U60/F60)*16 -> 8.8 | AK60: =(V60/G60)*16 -> 12 | AL60: =(W60/H60)*16 -> 6.4 | AM60: =(X60/I60)*16 -> 8 | AN60: =(Y60/J60)*16 -> 6.9142857 | AO60: =(Z60/K60)*16 -> 6 | AP60: =AVERAGE(AF60:AO60) -> 8.7267725
A61: NC 25205G | B61: 4 | C61: 4 | D61: 4 | E61: 15 | F61: 2 | G61: 0 | H61: 1 | I61: 3 | J61: 0 | K61: 3 | L61: =SUM(B61:K61) -> 36 | M61: =AVERAGE(B61:K61) -> 3.6 | N61: =(L61/(L61+'Cull Yield'!L61))*100 -> 31.578947 | Q61: 6.6 | R61: 2.2 | S61: 2.1 | T61: 4.94 | U61: 1.4 | V61: 0 | W61: 0.55 | X61: 1.8 | Y61: 0 | Z61: 1.1 | AA61: =SUM(Q61:Z61) -> 20.69 | AB61: =AVERAGE(Q61:Z61) -> 2.069 | AC61: =(AA61/(AA61+'Cull Yield'!AA61))*100 -> 38.759835 | AF61: =(Q61/B61)*16 -> 26.4 | AG61: =(R61/C61)*16 -> 8.8 | AH61: =(S61/D61)*16 -> 8.4 | AI61: =(T61/E61)*16 -> 5.2693333 | AJ61: =(U61/F61)*16 -> 11.2 | AK61: . | AL61: =(W61/H61)*16 -> 8.8 | AM61: =(X61/I61)*16 -> 9.6 | AN61: . | AO61: =(Z61/K61)*16 -> 5.8666667 | AP61: =AVERAGE(AF61:AO61) -> 10.542
A62: NC 25207G | B62: 0 | C62: 2 | D62: 5 | E62: 8 | F62: 1 | G62: 3 | H62: 6 | I62: 1 | J62: 20 | K62: 3 | L62: =SUM(B62:K62) -> 49 | M62: =AVERAGE(B62:K62) -> 4.9 | N62: =(L62/(L62+'Cull Yield'!L62))*100 -> 43.75 | Q62: 0 | R62: 1.6 | S62: 4.25 | T62: 1.9 | U62: 0.55 | V62: 0.95 | W62: 2.65 | X62: 0.45 | Y62: 7.75 | Z62: 0.85 | AA62: =SUM(Q62:Z62) -> 20.95 | AB62: =AVERAGE(Q62:Z62) -> 2.095 | AC62: =(AA62/(AA62+'Cull Yield'!AA62))*100 -> 46.752957 | AF62: . | AG62: =(R62/C62)*16 -> 12.8 | AH62: =(S62/D62)*16 -> 13.6 | AI62: =(T62/E62)*16 -> 3.8 | AJ62: =(U62/F62)*16 -> 8.8 | AK62: =(V62/G62)*16 -> 5.0666667 | AL62: =(W62/H62)*16 -> 7.0666667 | AM62: =(X62/I62)*16 -> 7.2 | AN62: =(Y62/J62)*16 -> 6.2 | AO62: =(Z62/K62)*16 -> 4.5333333 | AP62: =AVERAGE(AF62:AO62) -> 7.6740741
A63: NC 25208G | B63: 3 | C63: 5 | D63: 9 | E63: 18 | F63: 5 | G63: 0 | H63: 0 | I63: 3 | J63: 5 | K63: 6 | L63: =SUM(B63:K63) -> 54 | M63: =AVERAGE(B63:K63) -> 5.4 | N63: =(L63/(L63+'Cull Yield'!L63))*100 -> 41.221374 | Q63: 2.05 | R63: 3 | S63: 4.1 | T63: 4.12 | U63: 2.5 | V63: 0 | W63: 0 | X63: 1.55 | Y63: 0.25 | Z63: 2 | AA63: =SUM(Q63:Z63) -> 19.57 | AB63: =AVERAGE(Q63:Z63) -> 1.957 | AC63: =(AA63/(AA63+'Cull Yield'!AA63))*100 -> 41.780529 | AF63: =(Q63/B63)*16 -> 10.933333 | AG63: =(R63/C63)*16 -> 9.6 | AH63: =(S63/D63)*16 -> 7.2888889 | AI63: =(T63/E63)*16 -> 3.6622222 | AJ63: =(U63/F63)*16 -> 8 | AK63: . | AL63: . | AM63: =(X63/I63)*16 -> 8.2666667 | AN63: =(Y63/J63)*16 -> 0.8 | AO63: =(Z63/K63)*16 -> 5.3333333 | AP63: =AVERAGE(AF63:AO63) -> 6.7355556
A64: NC 25209G | B64: 3 | C64: 2 | D64: 19 | E64: 22 | F64: 5 | G64: 1 | H64: 2 | I64: 12 | J64: 17 | K64: 8 | L64: =SUM(B64:K64) -> 91 | M64: =AVERAGE(B64:K64) -> 9.1 | N64: =(L64/(L64+'Cull Yield'!L64))*100 -> 62.328767 | Q64: 2.55 | R64: 1.1 | S64: 12.9 | T64: 6.38 | U64: 3.35 | V64: 0.5 | W64: 1.15 | X64: 4.65 | Y64: 7.45 | Z64: 3.05 | AA64: =SUM(Q64:Z64) -> 43.08 | AB64: =AVERAGE(Q64:Z64) -> 4.308 | AC64: =(AA64/(AA64+'Cull Yield'!AA64))*100 -> 64.801444 | AF64: =(Q64/B64)*16 -> 13.6 | AG64: =(R64/C64)*16 -> 8.8 | AH64: =(S64/D64)*16 -> 10.863158 | AI64: =(T64/E64)*16 -> 4.64 | AJ64: =(U64/F64)*16 -> 10.72 | AK64: =(V64/G64)*16 -> 8 | AL64: =(W64/H64)*16 -> 9.2 | AM64: =(X64/I64)*16 -> 6.2 | ... AO64: =(Z64/K64)*16 -> 6.1 | AP64: =AVERAGE(AF64:AO64) -> 8.5134923
A65: NC 25210G | B65: 1 | C65: 1 | D65: 5 | E65: 14 | F65: 6 | G65: 1 | H65: 2 | I65: 0 | J65: 0 | K65: 1 | L65: =SUM(B65:K65) -> 31 | M65: =AVERAGE(B65:K65) -> 3.1 | N65: =(L65/(L65+'Cull Yield'!L65))*100 -> 41.891892 | Q65: 0.85 | R65: 0.85 | S65: 5.25 | T65: 4.82 | U65: 4.3 | V65: 1.35 | W65: 1.15 | X65: 0 | Y65: 0 | Z65: 0.6 | AA65: =SUM(Q65:Z65) -> 19.17 | AB65: =AVERAGE(Q65:Z65) -> 1.917 | AC65: =(AA65/(AA65+'Cull Yield'!AA65))*100 -> 46.836062 | AF65: =(Q65/B65)*16 -> 13.6 | AG65: =(R65/C65)*16 -> 13.6 | AH65: =(S65/D65)*16 -> 16.8 | AI65: =(T65/E65)*16 -> 5.5085714 | AJ65: =(U65/F65)*16 -> 11.466667 | AK65: =(V65/G65)*16 -> 21.6 | AL65: =(W65/H65)*16 -> 9.2 | AM65: . | AN65: . | AO65: =(Z65/K65)*16 -> 9.6 | AP65: =AVERAGE(AF65:AO65) -> 12.671905
A66: NC 25212G | B66: 2 | C66: 5 | D66: 8 | E66: 27 | F66: 1 | G66: 2 | H66: 1 | I66: 2 | J66: 3 | K66: 5 | L66: =SUM(B66:K66) -> 56 | M66: =AVERAGE(B66:K66) -> 5.6 | N66: =(L66/(L66+'Cull Yield'!L66))*100 -> 47.863248 | Q66: 2.15 | R66: 4 | S66: 6.7 | T66: 8.64 | U66: 0.9 | V66: 1.6 | W66: 0.5 | X66: 1.15 | Y66: 1.7 | Z66: 2.2 | AA66: =SUM(Q66:Z66) -> 29.54 | AB66: =AVERAGE(Q66:Z66) -> 2.954 | AC66: =(AA66/(AA66+'Cull Yield'!AA66))*100 -> 50.084774 | AF66: =(Q66/B66)*16 -> 17.2 | AG66: =(R66/C66)*16 -> 12.8 | AH66: =(S66/D66)*16 -> 13.4 | AI66: =(T66/E66)*16 -> 5.12 | AJ66: =(U66/F66)*16 -> 14.4 | AK66: =(V66/G66)*16 -> 12.8 | AL66: =(W66/H66)*16 -> 8 | AM66: =(X66/I66)*16 -> 9.2 | ... AO66: =(Z66/K66)*16 -> 7.04 | AP66: =AVERAGE(AF66:AO66) -> 10.902667
A67: NC 25217G | B67: 1 | C67: 9 | D67: 14 | E67: 8 | F67: 1 | G67: 1 | H67: 6 | I67: 12 | J67: 5 | K67: 0 | L67: =SUM(B67:K67) -> 57 | M67: =AVERAGE(B67:K67) -> 5.7 | N67: =(L67/(L67+'Cull Yield'!L67))*100 -> 41.605839 | Q67: 0.75 | R67: 5.45 | S67: 7.8 | T67: 2.12 | U67: 0.55 | V67: 0.5 | W67: 2.75 | X67: 5.25 | Y67: 1.95 | Z67: 0 | AA67: =SUM(Q67:Z67) -> 27.12 | AB67: =AVERAGE(Q67:Z67) -> 2.712 | AC67: =(AA67/(AA67+'Cull Yield'!AA67))*100 -> 49.255358 | AF67: =(Q67/B67)*16 -> 12 | AG67: =(R67/C67)*16 -> 9.6888889 | AH67: =(S67/D67)*16 -> 8.9142857 | AI67: =(T67/E67)*16 -> 4.24 | AJ67: =(U67/F67)*16 -> 8.8 | AK67: =(V67/G67)*16 -> 8 | AL67: =(W67/H67)*16 -> 7.3333333 | AM67: =(X67/I67)*16 -> 7 | AN67: =(Y67/J67)*16 -> 6.24 | AO67: . | AP67: =AVERAGE(AF67:AO67) -> 8.0240564
A68: NC 25230G | B68: 2 | C68: 3 | D68: 9 | E68: 15 | F68: 5 | G68: 1 | H68: 1 | I68: 6 | J68: 10 | K68: 3 | L68: =SUM(B68:K68) -> 55 | M68: =AVERAGE(B68:K68) -> 5.5 | N68: =(L68/(L68+'Cull Yield'!L68))*100 -> 41.044776 | Q68: 1.7 | R68: 2.35 | S68: 7.2 | T68: 5.34 | U68: 3.65 | V68: 0.6 | W68: 0.4 | X68: 2.25 | Y68: 4.9 | Z68: 0.95 | AA68: =SUM(Q68:Z68) -> 29.34 | AB68: =AVERAGE(Q68:Z68) -> 2.934 | AC68: =(AA68/(AA68+'Cull Yield'!AA68))*100 -> 44.240048 | AF68: =(Q68/B68)*16 -> 13.6 | AG68: =(R68/C68)*16 -> 12.533333 | AH68: =(S68/D68)*16 -> 12.8 | AI68: =(T68/E68)*16 -> 5.696 | AJ68: =(U68/F68)*16 -> 11.68 | AK68: =(V68/G68)*16 -> 9.6 | AL68: =(W68/H68)*16 -> 6.4 | AM68: =(X68/I68)*16 -> 6 | ... AO68: =(Z68/K68)*16 -> 5.0666667 | AP68: =AVERAGE(AF68:AO68) -> 9.1216
A69: NC 25231G | B69: 5 | C69: 2 | D69: 2 | E69: 21 | F69: 2 | G69: 0 | H69: 1 | I69: 3 | J69: 6 | K69: 0 | L69: =SUM(B69:K69) -> 42 | M69: =AVERAGE(B69:K69) -> 4.2 | N69: =(L69/(L69+'Cull Yield'!L69))*100 -> 34.42623 | Q69: 4.2 | R69: 1.35 | S69: 1.3 | T69: 6.36 | U69: 0.8 | V69: 0 | W69: 0.4 | X69: 1.45 | Y69: 2.75 | Z69: 0 | AA69: =SUM(Q69:Z69) -> 18.61 | AB69: =AVERAGE(Q69:Z69) -> 1.861 | AC69: =(AA69/(AA69+'Cull Yield'!AA69))*100 -> 35.89892 | AF69: =(Q69/B69)*16 -> 13.44 | AG69: =(R69/C69)*16 -> 10.8 | AH69: =(S69/D69)*16 -> 10.4 | AI69: =(T69/E69)*16 -> 4.8457143 | AJ69: =(U69/F69)*16 -> 6.4 | AK69: . | AL69: =(W69/H69)*16 -> 6.4 | AM69: =(X69/I69)*16 -> 7.7333333 | AN69: =(Y69/J69)*16 -> 7.3333333 | AO69: . | AP69: =AVERAGE(AF69:AO69) -> 8.4190476
A70: NC 25240G | B70: 3 | C70: 0 | D70: 6 | E70: 27 | F70: 1 | G70: 0 | H70: 0 | I70: 5 | J70: 20 | K70: 8 | L70: =SUM(B70:K70) -> 70 | M70: =AVERAGE(B70:K70) -> 7 | N70: =(L70/(L70+'Cull Yield'!L70))*100 -> 50 | Q70: 2 | R70: 0 | S70: 4 | T70: 8.9 | U70: 0.6 | V70: 0 | W70: 0 | X70: 1.95 | Y70: 9.15 | Z70: 1.9 | AA70: =SUM(Q70:Z70) -> 28.5 | AB70: =AVERAGE(Q70:Z70) -> 2.85 | AC70: =(AA70/(AA70+'Cull Yield'!AA70))*100 -> 48.329659 | AF70: =(Q70/B70)*16 -> 10.666667 | AG70: . | AH70: =(S70/D70)*16 -> 10.666667 | AI70: =(T70/E70)*16 -> 5.2740741 | AJ70: =(U70/F70)*16 -> 9.6 | AK70: . | AL70: . | AM70: =(X70/I70)*16 -> 6.24 | AN70: =(Y70/J70)*16 -> 7.32 | AO70: =(Z70/K70)*16 -> 3.8 | AP70: =AVERAGE(AF70:AO70) -> 7.6524868
A71: NC 25241G | B71: 2 | C71: 4 | D71: 12 | E71: 0 | F71: 8 | G71: 5 | H71: 3 | I71: 3 | J71: 8 | K71: 2 | L71: =SUM(B71:K71) -> 47 | M71: =AVERAGE(B71:K71) -> 4.7 | N71: =(L71/(L71+'Cull Yield'!L71))*100 -> 32.413793 | Q71: 1.3 | R71: 2.5 | S71: 9.2 | T71: 0 | U71: 5.2 | V71: 2.1 | W71: 1.1 | X71: 1.1 | Y71: 1.15 | Z71: 0.7 | AA71: =SUM(Q71:Z71) -> 24.35 | AB71: =AVERAGE(Q71:Z71) -> 2.435 | AC71: =(AA71/(AA71+'Cull Yield'!AA71))*100 -> 38.681493 | AF71: =(Q71/B71)*16 -> 10.4 | AG71: =(R71/C71)*16 -> 10 | AH71: =(S71/D71)*16 -> 12.266667 | AI71: . | AJ71: =(U71/F71)*16 -> 10.4 | AK71: =(V71/G71)*16 -> 6.72 | AL71: =(W71/H71)*16 -> 5.8666667 | AM71: =(X71/I71)*16 -> 5.8666667 | AN71: =(Y71/J71)*16 -> 2.3 | AO71: =(Z71/K71)*16 -> 5.6 | AP71: =AVERAGE(AF71:AO71) -> 7.7133333
A73: NC 252G | B73: 3 | C73: 13 | D73: 24 | E73: 6 | F73: 13 | G73: 13 | H73: 6 | I73: 7 | J73: 25 | K73: 5 | L73: =SUM(B73:K73) -> 115 | M73: =AVERAGE(B73:K73) -> 11.5 | N73: =(L73/(L73+'Cull Yield'!L73))*100 -> 68.862275 | Q73: 1.25 | R73: 5.7 | S73: 11.04 | T73: 0.86 | U73: 5.55 | V73: 5.56 | W73: 2.85 | X73: 3.2 | Y73: 8.1 | Z73: 1.95 | AA73: =SUM(Q73:Z73) -> 46.06 | AB73: =AVERAGE(Q73:Z73) -> 4.606 | AC73: =(AA73/(AA73+'Cull Yield'!AA73))*100 -> 71.069279 | AF73: =(Q73/B73)*16 -> 6.6666667 | AG73: =(R73/C73)*16 -> 7.0153846 | AH73: =(S73/D73)*16 -> 7.36 | AI73: =(T73/E73)*16 -> 2.2933333 | AJ73: =(U73/F73)*16 -> 6.8307692 | AK73: =(V73/G73)*16 -> 6.8430769 | AL73: =(W73/H73)*16 -> 7.6 | AM73: =(X73/I73)*16 -> 7.3142857 | ... AO73: =(Z73/K73)*16 -> 6.24 | AP73: =AVERAGE(AF73:AO73) -> 6.3347516
A74: NC 255G | B74: 1 | C74: 9 | D74: 13 | E74: 7 | F74: 1 | G74: 2 | H74: 14 | I74: 17 | J74: 5 | K74: 4 | L74: =SUM(B74:K74) -> 73 | M74: =AVERAGE(B74:K74) -> 7.3 | N74: =(L74/(L74+'Cull Yield'!L74))*100 -> 47.096774 | Q74: 0.7 | R74: 5.6 | S74: 6.85 | T74: 1.88 | U74: 0.4 | V74: 0.75 | W74: 5.6 | X74: 7.3 | Y74: 1.7 | Z74: 1.05 | AA74: =SUM(Q74:Z74) -> 31.83 | AB74: =AVERAGE(Q74:Z74) -> 3.183 | AC74: =(AA74/(AA74+'Cull Yield'!AA74))*100 -> 55.481959 | AF74: =(Q74/B74)*16 -> 11.2 | AG74: =(R74/C74)*16 -> 9.9555556 | AH74: =(S74/D74)*16 -> 8.4307692 | AI74: =(T74/E74)*16 -> 4.2971429 | AJ74: =(U74/F74)*16 -> 6.4 | AK74: =(V74/G74)*16 -> 6 | AL74: =(W74/H74)*16 -> 6.4 | AM74: =(X74/I74)*16 -> 6.8705882 | ... AO74: =(Z74/K74)*16 -> 4.2 | AP74: =AVERAGE(AF74:AO74) -> 6.9194056
A75: NC 261G | B75: . | C75: 2 | D75: 11 | E75: 20 | F75: 6 | G75: 9 | H75: 3 | I75: 4 | J75: 8 | K75: 4 | L75: =SUM(B75:K75) -> 67 | M75: =AVERAGE(B75:K75) -> 7.4444444 | N75: =(L75/(L75+'Cull Yield'!L75))*100 -> 53.174603 | Q75: . | R75: 1.65 | S75: 7.4 | T75: 5.7 | U75: 3.4 | V75: 4.55 | W75: 1.5 | X75: 1.95 | Y75: 3.35 | Z75: 1.2 | AA75: =SUM(Q75:Z75) -> 30.7 | AB75: =AVERAGE(Q75:Z75) -> 3.4111111 | AC75: =(AA75/(AA75+'Cull Yield'!AA75))*100 -> 58.088931 | AF75: . | AG75: =(R75/C75)*16 -> 13.2 | AH75: =(S75/D75)*16 -> 10.763636 | AI75: =(T75/E75)*16 -> 4.56 | AJ75: =(U75/F75)*16 -> 9.0666667 | AK75: =(V75/G75)*16 -> 8.0888889 | AL75: =(W75/H75)*16 -> 8 | AM75: =(X75/I75)*16 -> 7.8 | AN75: =(Y75/J75)*16 -> 6.7 | AO75: =(Z75/K75)*16 -> 4.8 | AP75: =AVERAGE(AF75:AO75) -> 8.1087991
A76: NC 262G | B76: 4 | C76: 5 | D76: 28 | E76: 6 | F76: 4 | G76: 0 | H76: 2 | I76: 5 | J76: 4 | K76: 10 | L76: =SUM(B76:K76) -> 68 | M76: =AVERAGE(B76:K76) -> 6.8 | N76: =(L76/(L76+'Cull Yield'!L76))*100 -> 54.4 | Q76: 3.2 | R76: 4 | S76: 15.8 | T76: 1.54 | U76: 2.35 | V76: 0 | W76: 1 | X76: 2.65 | Y76: 1.4 | Z76: 3.55 | AA76: =SUM(Q76:Z76) -> 35.49 | AB76: =AVERAGE(Q76:Z76) -> 3.549 | AC76: =(AA76/(AA76+'Cull Yield'!AA76))*100 -> 61.753959 | AF76: =(Q76/B76)*16 -> 12.8 | AG76: =(R76/C76)*16 -> 12.8 | AH76: =(S76/D76)*16 -> 9.0285714 | AI76: =(T76/E76)*16 -> 4.1066667 | AJ76: =(U76/F76)*16 -> 9.4 | AK76: . | AL76: =(W76/H76)*16 -> 8 | AM76: =(X76/I76)*16 -> 8.48 | AN76: =(Y76/J76)*16 -> 5.6 | AO76: =(Z76/K76)*16 -> 5.68 | AP76: =AVERAGE(AF76:AO76) -> 8.4328042
A77: NC 263G | B77: 3 | C77: 3 | D77: 9 | E77: 0 | F77: 1 | G77: 1 | H77: 6 | I77: 4 | J77: 0 | K77: 1 | L77: =SUM(B77:K77) -> 28 | M77: =AVERAGE(B77:K77) -> 2.8 | N77: =(L77/(L77+'Cull Yield'!L77))*100 -> 31.111111 | Q77: 3.1 | R77: 1.85 | S77: 5.65 | T77: 0 | U77: 0.45 | V77: 1 | W77: 2.85 | X77: 2.4 | Y77: 0 | Z77: 0.35 | AA77: =SUM(Q77:Z77) -> 17.65 | AB77: =AVERAGE(Q77:Z77) -> 1.765 | AC77: =(AA77/(AA77+'Cull Yield'!AA77))*100 -> 35.477387 | AF77: =(Q77/B77)*16 -> 16.533333 | AG77: =(R77/C77)*16 -> 9.8666667 | AH77: =(S77/D77)*16 -> 10.044444 | AI77: . | AJ77: =(U77/F77)*16 -> 7.2 | AK77: =(V77/G77)*16 -> 16 | AL77: =(W77/H77)*16 -> 7.6 | AM77: =(X77/I77)*16 -> 9.6 | AO77: =(Z77/K77)*16 -> 5.6 | AP77: =AVERAGE(AF77:AO77) -> 10.305556
A78: NC 264G | B78: . | C78: 2 | D78: 12 | E78: 12 | F78: 4 | G78: 2 | H78: 3 | I78: 5 | J78: 6 | K78: 6 | L78: =SUM(B78:K78) -> 52 | M78: =AVERAGE(B78:K78) -> 5.7777778 | N78: =(L78/(L78+'Cull Yield'!L78))*100 -> 59.770115 | Q78: . | R78: 1.2 | S78: 7.55 | T78: 3.38 | U78: 2.1 | V78: 0.95 | W78: 1.4 | X78: 2.4 | Y78: 2.45 | Z78: 2.55 | AA78: =SUM(Q78:Z78) -> 23.98 | AB78: =AVERAGE(Q78:Z78) -> 2.6644444 | AC78: =(AA78/(AA78+'Cull Yield'!AA78))*100 -> 57.437126 | AF78: . | AG78: =(R78/C78)*16 -> 9.6 | AH78: =(S78/D78)*16 -> 10.066667 | AI78: =(T78/E78)*16 -> 4.5066667 | AJ78: =(U78/F78)*16 -> 8.4 | AK78: =(V78/G78)*16 -> 7.6 | AL78: =(W78/H78)*16 -> 7.4666667 | AM78: =(X78/I78)*16 -> 7.68 | AN78: =(Y78/J78)*16 -> 6.5333333 | AO78: =(Z78/K78)*16 -> 6.8 | AP78: =AVERAGE(AF78:AO78) -> 7.6281481
A79: Mountain Gem | B79: . | C79: 6 | D79: 13 | E79: 30 | F79: 1 | G79: 0 | H79: 0 | I79: 0 | J79: 3 | K79: 15 | L79: =SUM(B79:K79) -> 68 | M79: =AVERAGE(B79:K79) -> 7.5555556 | N79: =(L79/(L79+'Cull Yield'!L79))*100 -> 60.714286 | Q79: . | R79: 4.65 | S79: 9.7 | T79: 8.56 | U79: 0.45 | V79: 0 | W79: 0 | X79: 0 | Y79: 1.35 | Z79: 7.7 | AA79: =SUM(Q79:Z79) -> 32.41 | AB79: =AVERAGE(Q79:Z79) -> 3.6011111 | AC79: =(AA79/(AA79+'Cull Yield'!AA79))*100 -> 66.237482 | AF79: . | AG79: =(R79/C79)*16 -> 12.4 | AH79: =(S79/D79)*16 -> 11.938462 | AI79: =(T79/E79)*16 -> 4.5653333 | AJ79: =(U79/F79)*16 -> 7.2 | AK79: . | AL79: . | AM79: . | AN79: =(Y79/J79)*16 -> 7.2 | AO79: =(Z79/K79)*16 -> 8.2133333 | AP79: =AVERAGE(AF79:AO79) -> 8.586188
A80: Mountain Heritage | B80: 1 | C80: 2 | D80: 14 | E80: 18 | F80: 5 | G80: 3 | H80: 2 | I80: 6 | J80: 18 | K80: 5 | L80: =SUM(B80:K80) -> 74 | M80: =AVERAGE(B80:K80) -> 7.4 | N80: =(L80/(L80+'Cull Yield'!L80))*100 -> 66.071429 | Q80: 0.6 | R80: 1.9 | S80: 9.6 | T80: 3.22 | U80: 3.1 | V80: 2.05 | W80: 1.2 | X80: 3.35 | Y80: 8.2 | Z80: 2.2 | AA80: =SUM(Q80:Z80) -> 35.42 | AB80: =AVERAGE(Q80:Z80) -> 3.542 | AC80: =(AA80/(AA80+'Cull Yield'!AA80))*100 -> 65.314402 | AF80: =(Q80/B80)*16 -> 9.6 | AG80: =(R80/C80)*16 -> 15.2 | AH80: =(S80/D80)*16 -> 10.971429 | AI80: =(T80/E80)*16 -> 2.8622222 | AJ80: =(U80/F80)*16 -> 9.92 | AK80: . | AL80: =(W80/H80)*16 -> 9.6 | AM80: =(X80/I80)*16 -> 8.9333333 | AN80: =(Y80/J80)*16 -> 7.2888889 | AO80: =(Z80/K80)*16 -> 7.04 | AP80: =AVERAGE(AF80:AO80) -> 9.0462081
A81: Mountain Girl | B81: 5 | C81: 2 | D81: 11 | E81: 10 | F81: 5 | G81: 0 | H81: 3 | I81: 2 | J81: 5 | K81: 8 | L81: =SUM(B81:K81) -> 51 | M81: =AVERAGE(B81:K81) -> 5.1 | N81: =(L81/(L81+'Cull Yield'!L81))*100 -> 50 | Q81: 5.5 | R81: 0.8 | S81: 6.85 | T81: 2.52 | U81: 1.05 | V81: 0 | W81: 0.85 | X81: 1 | Y81: 2.95 | Z81: 3.1 | AA81: =SUM(Q81:Z81) -> 24.62 | AB81: =AVERAGE(Q81:Z81) -> 2.462 | AC81: =(AA81/(AA81+'Cull Yield'!AA81))*100 -> 58.038661 | AF81: =(Q81/B81)*16 -> 17.6 | AG81: =(R81/C81)*16 -> 6.4 | AH81: =(S81/D81)*16 -> 9.9636364 | AI81: =(T81/E81)*16 -> 4.032 | AJ81: =(U81/F81)*16 -> 3.36 | AK81: . | AL81: =(W81/H81)*16 -> 4.5333333 | AM81: =(X81/I81)*16 -> 8 | AN81: =(Y81/J81)*16 -> 9.44 | AO81: =(Z81/K81)*16 -> 6.2 | AP81: =AVERAGE(AF81:AO81) -> 7.7254411
A82: Mountain Magic | B82: 13 | C82: 14 | D82: 56 | E82: . | F82: . | G82: . | H82: . | I82: . | J82: . | K82: . | L82: =SUM(B82:K82) -> 83 | M82: =AVERAGE(B82:K82) -> 27.666667 | N82: =(L82/(L82+'Cull Yield'!L82))*100 -> 63.846154 | Q82: 4.5 | R82: 1.75 | S82: 4.75 | T82: 3.66 | U82: 8.7 | V82: 0.3 | W82: 7.85 | X82: 3.15 | Y82: 2.05 | Z82: 5.8 | AA82: =SUM(Q82:Z82) -> 42.51 | AB82: =AVERAGE(Q82:Z82) -> 4.251 | AC82: =(AA82/(AA82+'Cull Yield'!AA82))*100 -> 36.246589 | AF82: =(Q82/B82)*16 -> 5.5384615 | AG82: =(R82/C82)*16 -> 2 | AH82: =(S82/D82)*16 -> 1.3571429 | AI82: . | AJ82: . | AK82: . | AL82: . | AM82: . | AN82: . | AO82: . | AP82: =AVERAGE(AF82:AO82) -> 2.9652015
A83: NC 25218G | B83: 0 | C83: 5 | D83: 19 | E83: 14 | F83: 3 | G83: 12 | H83: 7 | I83: 4 | J83: 7 | K83: 5 | L83: =SUM(B83:K83) -> 76 | M83: =AVERAGE(B83:K83) -> 7.6 | N83: =(L83/(L83+'Cull Yield'!L83))*100 -> 60.8 | Q83: 0 | R83: 3 | S83: 10.3 | T83: 3.26 | U83: 1.45 | V83: 3.5 | W83: 2.4 | X83: 1.75 | Y83: 2.7 | Z83: 1.3 | AA83: =SUM(Q83:Z83) -> 29.66 | AB83: =AVERAGE(Q83:Z83) -> 2.966 | AC83: =(AA83/(AA83+'Cull Yield'!AA83))*100 -> 64.143599 | AF83: . | AG83: =(R83/C83)*16 -> 9.6 | AH83: =(S83/D83)*16 -> 8.6736842 | AI83: =(T83/E83)*16 -> 3.7257143 | AJ83: =(U83/F83)*16 -> 7.7333333 | AK83: =(V83/G83)*16 -> 4.6666667 | AL83: =(W83/H83)*16 -> 5.4857143 | AM83: =(X83/I83)*16 -> 7 | AN83: =(Y83/J83)*16 -> 6.1714286 | AO83: =(Z83/K83)*16 -> 4.16 | AP83: =AVERAGE(AF83:AO83) -> 6.3573935
A84: NC 25304G | B84: 1 | C84: 4 | D84: 22 | E84: 33 | F84: 7 | G84: 0 | H84: 0 | I84: 2 | J84: 2 | K84: 6 | L84: =SUM(B84:K84) -> 77 | M84: =AVERAGE(B84:K84) -> 7.7 | N84: =(L84/(L84+'Cull Yield'!L84))*100 -> 50.993377 | Q84: 0.65 | R84: 2.4 | S84: 10.9 | T84: 7.92 | U84: 3.1 | V84: 0 | W84: 0 | X84: 0.85 | Y84: 1.15 | Z84: 2.95 | AA84: =SUM(Q84:Z84) -> 29.92 | AB84: =AVERAGE(Q84:Z84) -> 2.992 | AC84: =(AA84/(AA84+'Cull Yield'!AA84))*100 -> 52.52809 | AF84: =(Q84/B84)*16 -> 10.4 | AG84: =(R84/C84)*16 -> 9.6 | AH84: =(S84/D84)*16 -> 7.9272727 | AI84: =(T84/E84)*16 -> 3.84 | AJ84: =(U84/F84)*16 -> 7.0857143 | AK84: . | AL84: . | AM84: =(X84/I84)*16 -> 6.8 | AN84: =(Y84/J84)*16 -> 9.2 | AO84: =(Z84/K84)*16 -> 7.8666667 | AP84: =AVERAGE(AF84:AO84) -> 7.8399567
A85: NC 25306G | B85: 1 | C85: 15 | D85: 10 | E85: 17 | F85: 0 | G85: 5 | H85: 3 | I85: 0 | J85: 1 | K85: 11 | L85: =SUM(B85:K85) -> 63 | M85: =AVERAGE(B85:K85) -> 6.3 | N85: =(L85/(L85+'Cull Yield'!L85))*100 -> 45.323741 | Q85: 0.65 | R85: 10.25 | S85: 5.45 | T85: 4.02 | U85: 0 | V85: 2.45 | W85: 1.5 | X85: 0 | Y85: 0.4 | Z85: 5.25 | AA85: =SUM(Q85:Z85) -> 29.97 | AB85: =AVERAGE(Q85:Z85) -> 2.997 | AC85: =(AA85/(AA85+'Cull Yield'!AA85))*100 -> 50.234663 | AF85: =(Q85/B85)*16 -> 10.4 | AG85: =(R85/C85)*16 -> 10.933333 | AH85: =(S85/D85)*16 -> 8.72 | AI85: =(T85/E85)*16 -> 3.7835294 | AJ85: . | AK85: =(V85/G85)*16 -> 7.84 | AL85: =(W85/H85)*16 -> 8 | AM85: . | AN85: =(Y85/J85)*16 -> 6.4 | AO85: =(Z85/K85)*16 -> 7.6363636 | AP85: =AVERAGE(AF85:AO85) -> 7.9641533
A86: NC 25311G | B86: 3 | C86: 6 | D86: 12 | E86: 13 | F86: 7 | G86: 0 | H86: 0 | I86: 0 | J86: 0 | K86: 5 | L86: =SUM(B86:K86) -> 46 | M86: =AVERAGE(B86:K86) -> 4.6 | N86: =(L86/(L86+'Cull Yield'!L86))*100 -> 42.990654 | Q86: 2.5 | R86: 3.55 | S86: 7.4 | T86: 3.86 | U86: 3.95 | V86: 0 | W86: 0 | X86: 0 | Y86: 0 | Z86: 1.75 | AA86: =SUM(Q86:Z86) -> 23.01 | AB86: =AVERAGE(Q86:Z86) -> 2.301 | AC86: =(AA86/(AA86+'Cull Yield'!AA86))*100 -> 50.794702 | AF86: =(Q86/B86)*16 -> 13.333333 | AG86: =(R86/C86)*16 -> 9.4666667 | AH86: =(S86/D86)*16 -> 9.8666667 | AI86: =(T86/E86)*16 -> 4.7507692 | AJ86: =(U86/F86)*16 -> 9.0285714 | AK86: . | AL86: . | AM86: . | AN86: . | AO86: =(Z86/K86)*16 -> 5.6 | AP86: =AVERAGE(AF86:AO86) -> 8.6743346
A87: NC 25313G | B87: . | C87: 0 | D87: 2 | E87: 7 | F87: 4 | G87: 0 | H87: 0 | I87: 0 | J87: 0 | K87: 5 | L87: =SUM(B87:K87) -> 18 | M87: =AVERAGE(B87:K87) -> 2 | N87: =(L87/(L87+'Cull Yield'!L87))*100 -> 22.222222 | Q87: . | R87: 0 | S87: 1.15 | T87: 2.14 | U87: 2.55 | V87: 0 | W87: 0 | X87: 0 | Y87: 0 | Z87: 2.25 | AA87: =SUM(Q87:Z87) -> 8.09 | AB87: =AVERAGE(Q87:Z87) -> 0.89888889 | AC87: =(AA87/(AA87+'Cull Yield'!AA87))*100 -> 22.484714 | AF87: . | AG87: . | AH87: =(S87/D87)*16 -> 9.2 | AI87: =(T87/E87)*16 -> 4.8914286 | AJ87: =(U87/F87)*16 -> 10.2 | AK87: . | AL87: . | AM87: . | AN87: . | AO87: =(Z87/K87)*16 -> 7.2 | AP87: =AVERAGE(AF87:AO87) -> 7.8728571
A88: NC 25315G | B88: . | C88: 0 | D88: 8 | E88: 3 | F88: 2 | G88: 0 | H88: 0 | I88: 0 | J88: 0 | K88: 4 | L88: =SUM(B88:K88) -> 17 | M88: =AVERAGE(B88:K88) -> 1.8888889 | N88: =(L88/(L88+'Cull Yield'!L88))*100 -> 20 | Q88: . | R88: 4.75 | S88: 6.9 | T88: 0.96 | U88: 1.45 | V88: 0 | W88: 0 | X88: 0 | Y88: 0 | Z88: 1.9 | AA88: =SUM(Q88:Z88) -> 15.96 | AB88: =AVERAGE(Q88:Z88) -> 1.7733333 | AC88: =(AA88/(AA88+'Cull Yield'!AA88))*100 -> 27.092175 | AF88: . | AG88: . | AH88: =(S88/D88)*16 -> 13.8 | AI88: =(T88/E88)*16 -> 5.12 | AJ88: =(U88/F88)*16 -> 11.6 | AK88: . | AL88: . | AM88: . | AN88: . | AO88: =(Z88/K88)*16 -> 7.6 | AP88: =AVERAGE(AF88:AO88) -> 9.53
A89: NC 25317G | B89: 1 | C89: 16 | D89: 23 | E89: 16 | F89: 0 | G89: 0 | H89: 0 | I89: 3 | J89: 1 | K89: 0 | L89: =SUM(B89:K89) -> 60 | M89: =AVERAGE(B89:K89) -> 6 | N89: =(L89/(L89+'Cull Yield'!L89))*100 -> 43.79562 | Q89: 0.9 | R89: 8.35 | S89: 10.6 | T89: 3.66 | U89: . | V89: 0 | W89: 0 | X89: 1.4 | Y89: 0.45 | Z89: 0 | AA89: =SUM(Q89:Z89) -> 25.36 | AB89: =AVERAGE(Q89:Z89) -> 2.8177778 | AC89: =(AA89/(AA89+'Cull Yield'!AA89))*100 -> 48.563769 | AF89: =(Q89/B89)*16 -> 14.4 | AG89: =(R89/C89)*16 -> 8.35 | AH89: =(S89/D89)*16 -> 7.373913 | AI89: =(T89/E89)*16 -> 3.66 | AJ89: . | AK89: . | AL89: . | AM89: =(X89/I89)*16 -> 7.4666667 | AN89: =(Y89/J89)*16 -> 7.2 | AO89: . | AP89: =AVERAGE(AF89:AO89) -> 8.0750966
A90: Grape Average | B90: =AVERAGE(B3:B16,B18:B19,B21,B48) -> 24.555556 | C90: =AVERAGE(C3:C16,C18:C19,C21,C48) -> 74.777778 | D90: =AVERAGE(D3:D16,D18:D19,D21,D48) -> 76.277778 | E90: . | F90: . | G90: . | H90: . | I90: . | J90: . | K90: . | P90: Grape Average | Q90: =AVERAGE(Q3:Q16,Q18:Q19,Q21,Q48) -> 1.3883333 | R90: =AVERAGE(R3:R16,R18:R19,R21,R48) -> 3.8822222 | S90: =AVERAGE(S3:S16,S18:S19,S21,S48) -> 2.8766667 | T90: =AVERAGE(T3:T16,T18:T19,T21,T48) -> 4.6344444 | U90: =AVERAGE(U3:U16,U18:U19,U21,U48) -> 1.945 | V90: =AVERAGE(V3:V16,V18:V19,V21,V48) -> 3.4461111 | W90: =AVERAGE(W3:W16,W18:W19,W21,W48) -> 2.6955556 | X90: =AVERAGE(X3:X16,X18:X19,X21,X48) -> 1.1511111 | ... Z90: =AVERAGE(Z3:Z16,Z18:Z19,Z21,Z48) -> 2.5755556 | AE90: Grape Average | AF90: =AVERAGE(AF3:AF16,AF18:AF19,AF21,AF48) -> 0.90098798 | AG90: =AVERAGE(AG3:AG16,AG18:AG19,AG21,AG48) -> 0.90521949 | AH90: =AVERAGE(AH3:AH16,AH18:AH19,AH21,AH48) -> 0.60116203 | AI90: . | AJ90: . | AK90: . | AL90: . | AM90: . | AN90: . | AO90: .
A91: Grape Total | B91: =SUM(B3:B16,B18:B19,B21,B48) -> 442 | C91: =SUM(C3:C16,C18:C19,C21,C48) -> 1346 | D91: =SUM(D3:D16,D18:D19,D21,D48) -> 1373 | E91: . | F91: . | G91: . | H91: . | I91: . | J91: . | K91: . | P91: Grape Total | Q91: =SUM(Q3:Q16,Q18:Q19,Q21,Q48) -> 24.99 | R91: =SUM(R3:R16,R18:R19,R21,R48) -> 69.88 | S91: =SUM(S3:S16,S18:S19,S21,S48) -> 51.78 | T91: =SUM(T3:T16,T18:T19,T21,T48) -> 83.42 | U91: =SUM(U3:U16,U18:U19,U21,U48) -> 35.01 | V91: =SUM(V3:V16,V18:V19,V21,V48) -> 62.03 | W91: =SUM(W3:W16,W18:W19,W21,W48) -> 48.52 | X91: =SUM(X3:X16,X18:X19,X21,X48) -> 20.72 | ... Z91: =SUM(Z3:Z16,Z18:Z19,Z21,Z48) -> 46.36 | AE91: Slicer & Cocktail Average | AF91: =AVERAGE(AF17,AF22:AF47,AF49:AF89) -> 11.616562 | AG91: =AVERAGE(AG17,AG22:AG47,AG49:AG89) -> 9.1992982 | AH91: =AVERAGE(AH17,AH22:AH47,AH49:AH89) -> 9.2916747 | AI91: =AVERAGE(AI17,AI22:AI47,AI49:AI89) -> 4.88075 | AJ91: =AVERAGE(AJ17,AJ22:AJ47,AJ49:AJ89) -> 8.9020077 | AK91: =AVERAGE(AK17,AK22:AK47,AK49:AK89) -> 8.221676 | AL91: =AVERAGE(AL17,AL22:AL47,AL49:AL89) -> 6.7305006 | AM91: =AVERAGE(AM17,AM22:AM47,AM49:AM89) -> 6.6719145 | ... AO91: =AVERAGE(AO17,AO22:AO47,AO49:AO89) -> 5.5831076
A92: % of All Harvested | B92: =(B91/(B91+'Cull Yield'!B91))*100 -> 78.368794 | C92: =(C91/(C91+'Cull Yield'!C91))*100 -> 74.15978 | D92: =(D91/(D91+'Cull Yield'!D91))*100 -> 88.012821 | P92: % of All Harvested | Q92: =(Q91/(Q91+'Cull Yield'!Q91))*100 -> 82.448037 | R92: =(R91/(R91+'Cull Yield'!R91))*100 -> 75.496975 | S92: =(S91/(S91+'Cull Yield'!S91))*100 -> 86.588629 | T92: =(T91/(T91+'Cull Yield'!T91))*100 -> 84.724761 | U92: =(U91/(U91+'Cull Yield'!U91))*100 -> 76.675427 | V92: =(V91/(V91+'Cull Yield'!V91))*100 -> 81.063774 | W92: =(W91/(W91+'Cull Yield'!W91))*100 -> 75.966808 | X92: =(X91/(X91+'Cull Yield'!X91))*100 -> 81.671265 | ... Z92: =(Z91/(Z91+'Cull Yield'!Z91))*100 -> 66.361294
A93: Slicer & Cocktail Average | B93: =AVERAGE(B17,B22:B47,B49:B89) -> 2.1956522 | C93: =AVERAGE(C17,C22:C47,C49:C89) -> 4.828125 | D93: =AVERAGE(D17,D22:D47,D49:D89) -> 9.5384615 | E93: =AVERAGE(E17,E22:E47,E49:E89) -> 12.587302 | F93: =AVERAGE(F17,F22:F47,F49:F89) -> 4.421875 | G93: =AVERAGE(G17,G22:G47,G49:G89) -> 2.265625 | H93: =AVERAGE(H17,H22:H47,H49:H89) -> 2.296875 | I93: =AVERAGE(I17,I22:I47,I49:I89) -> 4.40625 | ... K93: =AVERAGE(K17,K22:K47,K49:K89) -> 4.390625 | P93: Slicer & Cocktail Average | Q93: =AVERAGE(Q17,Q22:Q47,Q49:Q89) -> 1.5880435 | R93: =AVERAGE(R17,R22:R47,R49:R89) -> 2.3835937 | S93: =AVERAGE(S17,S22:S47,S49:S89) -> 4.7752308 | T93: =AVERAGE(T17,T22:T47,T49:T89) -> 3.6659375 | U93: =AVERAGE(U17,U22:U47,U49:U89) -> 2.128125 | V93: =AVERAGE(V17,V22:V47,V49:V89) -> 0.83140625 | W93: =AVERAGE(W17,W22:W47,W49:W89) -> 0.98 | X93: =AVERAGE(X17,X22:X47,X49:X89) -> 1.6830769 | ... Z93: =AVERAGE(Z17,Z22:Z47,Z49:Z89) -> 1.6546154
A94: Slicer & Cocktail Total | B94: =SUM(B17,B22:B47,B49:B89) -> 101 | C94: =SUM(C17,C22:C47,C49:C89) -> 309 | D94: =SUM(D17,D22:D47,D49:D89) -> 620 | E94: =SUM(E17,E22:E47,E49:E89) -> 793 | F94: =SUM(F17,F22:F47,F49:F89) -> 283 | G94: =SUM(G17,G22:G47,G49:G89) -> 145 | H94: =SUM(H17,H22:H47,H49:H89) -> 147 | I94: =SUM(I17,I22:I47,I49:I89) -> 282 | ... K94: =SUM(K17,K22:K47,K49:K89) -> 281 | P94: Slicer & Cocktail Total | Q94: =SUM(Q17,Q22:Q47,Q49:Q89) -> 73.05 | R94: =SUM(R17,R22:R47,R49:R89) -> 152.55 | S94: =SUM(S17,S22:S47,S49:S89) -> 310.39 | T94: =SUM(T17,T22:T47,T49:T89) -> 234.62 | U94: =SUM(U17,U22:U47,U49:U89) -> 136.2 | V94: =SUM(V17,V22:V47,V49:V89) -> 53.21 | W94: =SUM(W17,W22:W47,W49:W89) -> 63.7 | X94: =SUM(X17,X22:X47,X49:X89) -> 109.4 | ... Z94: =SUM(Z17,Z22:Z47,Z49:Z89) -> 107.55
A95: % of All Harvested | B95: =(B94/(B94+'Cull Yield'!B94))*100 -> 51.010101 | C95: =(C94/(C94+'Cull Yield'!C94))*100 -> 36.18267 | D95: =(D94/(D94+'Cull Yield'!D94))*100 -> 70.938215 | E95: =(E94/(E94+'Cull Yield'!E94))*100 -> 45.185185 | F95: =(F94/(F94+'Cull Yield'!F94))*100 -> 47.884941 | G95: =(G94/(G94+'Cull Yield'!G94))*100 -> 56.420233 | H95: =(H94/(H94+'Cull Yield'!H94))*100 -> 46.964856 | I95: =(I94/(I94+'Cull Yield'!I94))*100 -> 39.166667 | ... K95: =(K94/(K94+'Cull Yield'!K94))*100 -> 25.922509 | P95: % of All Harvested | Q95: =(Q94/(Q94+'Cull Yield'!Q94))*100 -> 55.361879 | R95: =(R94/(R94+'Cull Yield'!R94))*100 -> 31.662516 | S95: =(S94/(S94+'Cull Yield'!S94))*100 -> 65.524594 | T95: =(T94/(T94+'Cull Yield'!T94))*100 -> 48.095609 | U95: =(U94/(U94+'Cull Yield'!U94))*100 -> 52.20391 | V95: =(V94/(V94+'Cull Yield'!V94))*100 -> 51.455372 | W95: =(W94/(W94+'Cull Yield'!W94))*100 -> 38.853309 | X95: =(X94/(X94+'Cull Yield'!X94))*100 -> 44.015289 | ... Z95: =(Z94/(Z94+'Cull Yield'!Z94))*100 -> 28.876359
P96: Combined Average | Q96: =AVERAGE(Q3:Q89) -> 1.531875 | R96: =AVERAGE(R3:R89) -> 2.712561 | S96: =AVERAGE(S3:S89) -> 4.363494 | T96: =AVERAGE(T3:T89) -> 3.8785366 | U96: =AVERAGE(U3:U89) -> 2.0879268 | V96: =AVERAGE(V3:V89) -> 1.4053659 | W96: =AVERAGE(W3:W89) -> 1.3520482 | X96: =AVERAGE(X3:X89) -> 1.5677108 | ... Z96: =AVERAGE(Z3:Z89) -> 1.8543373
P97: Combined Total | Q97: =SUM(Q3:Q89) -> 98.04 | R97: =SUM(R3:R89) -> 222.43 | S97: =SUM(S3:S89) -> 362.17 | T97: =SUM(T3:T89) -> 318.04 | U97: =SUM(U3:U89) -> 171.21 | V97: =SUM(V3:V89) -> 115.24 | W97: =SUM(W3:W89) -> 112.22 | X97: =SUM(X3:X89) -> 130.12 | ... Z97: =SUM(Z3:Z89) -> 153.91
P98: % of All Harvested | Q98: =(Q97/(Q97+'Cull Yield'!Q97))*100 -> 60.421546 | R98: =(R97/(R97+'Cull Yield'!R97))*100 -> 38.726583 | S98: =(S97/(S97+'Cull Yield'!S97))*100 -> 67.885661 | T98: =(T97/(T97+'Cull Yield'!T97))*100 -> 54.247117 | U98: =(U97/(U97+'Cull Yield'!U97))*100 -> 55.848773 | V98: =(V97/(V97+'Cull Yield'!V97))*100 -> 64.047129 | W98: =(W97/(W97+'Cull Yield'!W97))*100 -> 49.258186 | X98: =(X97/(X97+'Cull Yield'!X97))*100 -> 47.502921 | ... Z98: =(Z97/(Z97+'Cull Yield'!Z97))*100 -> 34.796862

Sheet Cull Yield
B1: Fruit Number | Q1: Yield (lb) | AF1: Fruit Size (oz)
A2: Entry/Line | B2: Harvest 1 | C2: Harvest 2 | D2: Harvest 3 | E2: Harvest 4 | F2: Harvest 5 | G2: Harvest 6 | H2: Harvest 7 | I2: Harvest 8 | J2: Harvest 9 | K2: Harvest 10 | L2: Total | M2: Avgerage/Harvest | N2: % of All Fruit Harvested | Q2: Harvest 1 | R2: Harvest 2 | S2: Harvest 3 | T2: Harvest 4 | U2: Harvest 5 | V2: Harvest 6 | W2: Harvest 7 | X2: Harvest 8 | Y2: Harvest 9 | Z2: Harvest 10 | AA2: Total | AB2: Avgerage/Harvest | AC2: % of All Fruit Harvested | AF2: Harvest 1 | AG2: Harvest 2 | AH2: Harvest 3 | AI2: Harvest 4 | AJ2: Harvest 5 | AK2: Harvest 6 | AL2: Harvest 7 | AM2: Harvest 8 | AN2: Harvest 9 | AO2: Harvest 10 | AP2: Average
A3: UKYT-25-001 | B3: 34 | C3: 26 | D3: 16 | E3: . | F3: . | G3: . | H3: . | I3: . | J3: . | K3: . | L3: =SUM(B3:K3) -> 76 | M3: =AVERAGE(B3:K3) -> 25.333333 | N3: =(L3/(L3+'Marketable Yield'!L3))*100 -> 28.358209 | Q3: 1.14 | R3: 0.62 | S3: 0.35 | T3: 0.68 | U3: 0.58 | V3: 0.45 | W3: 0.49 | X3: 0.12 | Y3: 1.68 | Z3: 2.63 | AA3: =SUM(Q3:Z3) -> 8.74 | AB3: =AVERAGE(Q3:Z3) -> 0.874 | AC3: =(AA3/(AA3+'Marketable Yield'!AA3))*100 -> 24.271036 | AF3: =(Q3/B3)*16 -> 0.53647059 | AG3: =(R3/C3)*16 -> 0.38153846 | AH3: =(S3/D3)*16 -> 0.35 | AI3: . | AJ3: . | AK3: . | AL3: . | AM3: . | AN3: . | AO3: . | AP3: =AVERAGE(AF3:AO3) -> 0.42266968 | AR3: Yellow = grape tomato (fruit # of 3 harvests)
A4: UKYT-25-002 | B4: 1 | C4: 40 | D4: 16 | E4: . | F4: . | G4: . | H4: . | I4: . | J4: . | K4: . | L4: =SUM(B4:K4) -> 57 | M4: =AVERAGE(B4:K4) -> 19 | N4: =(L4/(L4+'Marketable Yield'!L4))*100 -> 28.078818 | Q4: 0.06 | R4: 2.68 | S4: 0.62 | T4: 0.92 | U4: 0.94 | V4: 1.13 | W4: 0.94 | X4: 0.24 | Y4: 1.63 | Z4: 1.49 | AA4: =SUM(Q4:Z4) -> 10.65 | AB4: =AVERAGE(Q4:Z4) -> 1.065 | AC4: =(AA4/(AA4+'Marketable Yield'!AA4))*100 -> 31.781558 | AF4: =(Q4/B4)*16 -> 0.96 | AG4: =(R4/C4)*16 -> 1.072 | AH4: =(S4/D4)*16 -> 0.62 | AI4: . | AJ4: . | AK4: . | AL4: . | AM4: . | AN4: . | AO4: . | AP4: =AVERAGE(AF4:AO4) -> 0.884
A5: UKYT-25-003 | B5: 11 | C5: 24 | D5: 7 | E5: . | F5: . | G5: . | H5: . | I5: . | J5: . | K5: . | L5: =SUM(B5:K5) -> 42 | M5: =AVERAGE(B5:K5) -> 14 | N5: =(L5/(L5+'Marketable Yield'!L5))*100 -> 21.538462 | Q5: 0.39 | R5: 0.71 | S5: 0.17 | T5: 0.62 | U5: 0.74 | V5: 0.41 | W5: 0.59 | X5: 0.31 | Y5: 1.32 | Z5: 0.56 | AA5: =SUM(Q5:Z5) -> 5.82 | AB5: =AVERAGE(Q5:Z5) -> 0.582 | AC5: =(AA5/(AA5+'Marketable Yield'!AA5))*100 -> 15.949575 | AF5: =(Q5/B5)*16 -> 0.56727273 | AG5: =(R5/C5)*16 -> 0.47333333 | AH5: =(S5/D5)*16 -> 0.38857143 | AI5: . | AJ5: . | AK5: . | AL5: . | AM5: . | AN5: . | AO5: . | AP5: =AVERAGE(AF5:AO5) -> 0.4763925
A6: UKYT-25-004 | B6: 7 | C6: 33 | D6: 9 | E6: . | F6: . | G6: . | H6: . | I6: . | J6: . | K6: . | L6: =SUM(B6:K6) -> 49 | M6: =AVERAGE(B6:K6) -> 16.333333 | N6: =(L6/(L6+'Marketable Yield'!L6))*100 -> 21.212121 | Q6: 0.4 | R6: 1.72 | S6: 0.32 | T6: 0.38 | U6: 0.15 | V6: 0.37 | W6: 0.49 | X6: 0.11 | Y6: 1.83 | Z6: 1.26 | AA6: =SUM(Q6:Z6) -> 7.03 | AB6: =AVERAGE(Q6:Z6) -> 0.703 | AC6: =(AA6/(AA6+'Marketable Yield'!AA6))*100 -> 20.017084 | AF6: =(Q6/B6)*16 -> 0.91428571 | AG6: =(R6/C6)*16 -> 0.83393939 | AH6: =(S6/D6)*16 -> 0.56888889 | AI6: . | AJ6: . | AK6: . | AL6: . | AM6: . | AN6: . | AO6: . | AP6: =AVERAGE(AF6:AO6) -> 0.77237133
A7: UKYT-25-005 | B7: 6 | C7: 35 | D7: 22 | E7: . | F7: . | G7: . | H7: . | I7: . | J7: . | K7: . | L7: =SUM(B7:K7) -> 63 | M7: =AVERAGE(B7:K7) -> 21 | N7: =(L7/(L7+'Marketable Yield'!L7))*100 -> 39.130435 | Q7: 0.37 | R7: 1.64 | S7: 0.67 | T7: 0.89 | U7: 0.8 | V7: 0.09 | W7: 0.29 | X7: 0.13 | Y7: 0.16 | Z7: 0.25 | AA7: =SUM(Q7:Z7) -> 5.29 | AB7: =AVERAGE(Q7:Z7) -> 0.529 | AC7: =(AA7/(AA7+'Marketable Yield'!AA7))*100 -> 12.886724 | AF7: =(Q7/B7)*16 -> 0.98666667 | AG7: =(R7/C7)*16 -> 0.74971429 | AH7: =(S7/D7)*16 -> 0.48727273 | AI7: . | AJ7: . | AK7: . | AL7: . | AM7: . | AN7: . | AO7: . | AP7: =AVERAGE(AF7:AO7) -> 0.74121789
A8: UKYT-25-006 | B8: 0 | C8: 29 | D8: 28 | E8: . | F8: . | G8: . | H8: . | I8: . | J8: . | K8: . | L8: =SUM(B8:K8) -> 57 | M8: =AVERAGE(B8:K8) -> 19 | N8: =(L8/(L8+'Marketable Yield'!L8))*100 -> 20.727273 | Q8: 0 | R8: 1.37 | S8: 1.03 | T8: 0.58 | U8: 0.53 | V8: 0.3 | W8: 0.12 | X8: 0.31 | Y8: 1.89 | Z8: 0.83 | AA8: =SUM(Q8:Z8) -> 6.96 | AB8: =AVERAGE(Q8:Z8) -> 0.696 | AC8: =(AA8/(AA8+'Marketable Yield'!AA8))*100 -> 19.016393 | AF8: . | AG8: =(R8/C8)*16 -> 0.75586207 | AH8: =(S8/D8)*16 -> 0.58857143 | AI8: . | AJ8: . | AK8: . | AL8: . | AM8: . | AN8: . | AO8: . | AP8: =AVERAGE(AF8:AO8) -> 0.67221675
A9: UKYT-25-007 | B9: 0 | C9: 28 | D9: 5 | E9: . | F9: . | G9: . | H9: . | I9: . | J9: . | K9: . | L9: =SUM(B9:K9) -> 33 | M9: =AVERAGE(B9:K9) -> 11 | N9: =(L9/(L9+'Marketable Yield'!L9))*100 -> 12.45283 | Q9: 0 | R9: 1.56 | S9: 0.19 | T9: 0.08 | U9: 0.23 | V9: 0.38 | W9: 0.81 | X9: 0.57 | Y9: 2.42 | Z9: 0.9 | AA9: =SUM(Q9:Z9) -> 7.14 | AB9: =AVERAGE(Q9:Z9) -> 0.714 | AC9: =(AA9/(AA9+'Marketable Yield'!AA9))*100 -> 17.664523 | AF9: . | AG9: =(R9/C9)*16 -> 0.89142857 | AH9: =(S9/D9)*16 -> 0.608 | AI9: . | AJ9: . | AK9: . | AL9: . | AM9: . | AN9: . | AO9: . | AP9: =AVERAGE(AF9:AO9) -> 0.74971429
A10: UKYT-25-008 | B10: 5 | C10: 29 | D10: 5 | E10: . | F10: . | G10: . | H10: . | I10: . | J10: . | K10: . | L10: =SUM(B10:K10) -> 39 | M10: =AVERAGE(B10:K10) -> 13 | N10: =(L10/(L10+'Marketable Yield'!L10))*100 -> 24.375 | Q10: 0.32 | R10: 1.81 | S10: 0.23 | T10: 1.19 | U10: 1.14 | V10: 0.71 | W10: 2.33 | X10: 0.29 | Y10: 2.45 | Z10: 1.71 | AA10: =SUM(Q10:Z10) -> 12.18 | AB10: =AVERAGE(Q10:Z10) -> 1.218 | AC10: =(AA10/(AA10+'Marketable Yield'!AA10))*100 -> 37.179487 | AF10: =(Q10/B10)*16 -> 1.024 | AG10: =(R10/C10)*16 -> 0.99862069 | AH10: =(S10/D10)*16 -> 0.736 | AI10: . | AJ10: . | AK10: . | AL10: . | AM10: . | AN10: . | AO10: . | AP10: =AVERAGE(AF10:AO10) -> 0.91954023
A11: UKYT-25-009 | B11: 3 | C11: 25 | D11: 11 | E11: . | F11: . | G11: . | H11: . | I11: . | J11: . | K11: . | L11: =SUM(B11:K11) -> 39 | M11: =AVERAGE(B11:K11) -> 13 | N11: =(L11/(L11+'Marketable Yield'!L11))*100 -> 19.306931 | Q11: 0.11 | R11: 1.24 | S11: 0.48 | T11: 0.61 | U11: 0.37 | V11: 1.26 | W11: 0.69 | X11: 0 | Y11: 2.14 | Z11: 0.95 | AA11: =SUM(Q11:Z11) -> 7.85 | AB11: =AVERAGE(Q11:Z11) -> 0.785 | AC11: =(AA11/(AA11+'Marketable Yield'!AA11))*100 -> 24.49298 | AF11: =(Q11/B11)*16 -> 0.58666667 | AG11: =(R11/C11)*16 -> 0.7936 | AH11: =(S11/D11)*16 -> 0.69818182 | AI11: . | AJ11: . | AK11: . | AL11: . | AM11: . | AN11: . | AO11: . | AP11: =AVERAGE(AF11:AO11) -> 0.69281616
A12: UKYT-25-010 | B12: 8 | C12: 45 | D12: 13 | E12: . | F12: . | G12: . | H12: . | I12: . | K12: . | L12: =SUM(B12:K12) -> 66 | M12: =AVERAGE(B12:K12) -> 22 | N12: =(L12/(L12+'Marketable Yield'!L12))*100 -> 36.263736 | Q12: 0.4 | R12: 2.44 | S12: 0.35 | T12: 1.34 | U12: 1.14 | V12: 0.69 | W12: 1.16 | X12: 0.78 | Y12: 1.64 | Z12: 2.1 | AA12: =SUM(Q12:Z12) -> 12.04 | AB12: =AVERAGE(Q12:Z12) -> 1.204 | AC12: =(AA12/(AA12+'Marketable Yield'!AA12))*100 -> 38.763683 | AF12: =(Q12/B12)*16 -> 0.8 | AG12: =(R12/C12)*16 -> 0.86755556 | AH12: =(S12/D12)*16 -> 0.43076923 | AI12: . | AJ12: . | AK12: . | AL12: . | AM12: . | AN12: . | AO12: . | AP12: =AVERAGE(AF12:AO12) -> 0.6994416
A13: UKYT-25-011 | B13: 7 | C13: 34 | D13: 20 | E13: . | F13: . | G13: . | H13: . | I13: . | J13: . | K13: . | L13: =SUM(B13:K13) -> 61 | M13: =AVERAGE(B13:K13) -> 20.333333 | N13: =(L13/(L13+'Marketable Yield'!L13))*100 -> 30.348259 | Q13: 0.27 | R13: 1.34 | S13: 0.54 | T13: 1.71 | U13: 1.01 | V13: 0.68 | W13: 1.34 | X13: 0.18 | Y13: 1.33 | Z13: 2.41 | AA13: =SUM(Q13:Z13) -> 10.81 | AB13: =AVERAGE(Q13:Z13) -> 1.081 | AC13: =(AA13/(AA13+'Marketable Yield'!AA13))*100 -> 34.437719 | AF13: =(Q13/B13)*16 -> 0.61714286 | AG13: =(R13/C13)*16 -> 0.63058824 | AH13: =(S13/D13)*16 -> 0.432 | AI13: . | AJ13: . | AK13: . | AL13: . | AM13: . | AN13: . | AO13: . | AP13: =AVERAGE(AF13:AO13) -> 0.55991036
A14: UKYT-25-012 | B14: 0 | C14: 9 | D14: 3 | E14: . | F14: . | G14: . | H14: . | I14: . | J14: . | K14: . | L14: =SUM(B14:K14) -> 12 | M14: =AVERAGE(B14:K14) -> 4 | N14: =(L14/(L14+'Marketable Yield'!L14))*100 -> 5.0420168 | Q14: 0 | R14: 0.44 | S14: 0.09 | T14: 0.01 | U14: 0.26 | V14: 0.16 | W14: 1.71 | X14: 0.2 | Y14: 2.51 | Z14: 2.18 | AA14: =SUM(Q14:Z14) -> 7.56 | AB14: =AVERAGE(Q14:Z14) -> 0.756 | AC14: =(AA14/(AA14+'Marketable Yield'!AA14))*100 -> 17.027027 | AF14: . | AG14: =(R14/C14)*16 -> 0.78222222 | AH14: =(S14/D14)*16 -> 0.48 | AI14: . | AJ14: . | AK14: . | AL14: . | AM14: . | AN14: . | AO14: . | AP14: =AVERAGE(AF14:AO14) -> 0.63111111
A15: UKYT-25-013 | B15: 7 | C15: 23 | D15: 8 | E15: . | F15: . | G15: . | H15: . | I15: . | J15: . | K15: . | L15: =SUM(B15:K15) -> 38 | M15: =AVERAGE(B15:K15) -> 12.666667 | N15: =(L15/(L15+'Marketable Yield'!L15))*100 -> 12.101911 | Q15: 0.31 | R15: 0.98 | S15: 0.27 | T15: 0.18 | U15: 0.24 | V15: 0.3 | W15: 0.38 | X15: 0.12 | Y15: 3.44 | Z15: 0.8 | AA15: =SUM(Q15:Z15) -> 7.02 | AB15: =AVERAGE(Q15:Z15) -> 0.702 | AC15: =(AA15/(AA15+'Marketable Yield'!AA15))*100 -> 17.180617 | AF15: =(Q15/B15)*16 -> 0.70857143 | AG15: =(R15/C15)*16 -> 0.68173913 | AH15: =(S15/D15)*16 -> 0.54 | AI15: . | AJ15: . | AK15: . | AL15: . | AM15: . | AN15: . | AO15: . | AP15: =AVERAGE(AF15:AO15) -> 0.64343685
A16: UKYT-25-014 | B16: 7 | C16: 9 | D16: 9 | E16: . | F16: . | G16: . | H16: . | I16: . | J16: . | K16: . | L16: =SUM(B16:K16) -> 25 | M16: =AVERAGE(B16:K16) -> 8.3333333 | N16: =(L16/(L16+'Marketable Yield'!L16))*100 -> 7.8369906 | Q16: 0.31 | R16: 0.34 | S16: 0.33 | T16: 1.78 | U16: 0.49 | V16: 2.31 | W16: 1.1 | X16: 0.5 | Y16: 2.93 | Z16: 1.54 | AA16: =SUM(Q16:Z16) -> 11.63 | AB16: =AVERAGE(Q16:Z16) -> 1.163 | AC16: =(AA16/(AA16+'Marketable Yield'!AA16))*100 -> 25.907775 | AF16: =(Q16/B16)*16 -> 0.70857143 | AG16: =(R16/C16)*16 -> 0.60444444 | AH16: =(S16/D16)*16 -> 0.58666667 | AI16: . | AJ16: . | AK16: . | AL16: . | AM16: . | AN16: . | AO16: . | AP16: =AVERAGE(AF16:AO16) -> 0.63322751
A17: UKYT-25-015 | B17: . | C17: 8 | D17: 3 | E17: 1 | F17: 6 | G17: 1 | H17: 0 | I17: 1 | J17: 3 | K17: 2 | L17: =SUM(B17:K17) -> 25 | M17: =AVERAGE(B17:K17) -> 2.7777778 | N17: =(L17/(L17+'Marketable Yield'!L17))*100 -> 62.5 | Q17: . | R17: 5.45 | S17: 2.2 | T17: 0.48 | U17: 1.95 | V17: 0.35 | W17: 0 | X17: 0.9 | Y17: 1.8 | Z17: 0.35 | AA17: =SUM(Q17:Z17) -> 13.48 | AB17: =AVERAGE(Q17:Z17) -> 1.4977778 | AC17: =(AA17/(AA17+'Marketable Yield'!AA17))*100 -> 59.804791 | AF17: . | AG17: =(R17/C17)*16 -> 10.9 | AH17: =(S17/D17)*16 -> 11.733333 | AI17: =(T17/E17)*16 -> 7.68 | AJ17: =(U17/F17)*16 -> 5.2 | AK17: =(V17/G17)*16 -> 5.6 | AL17: . | AM17: =(X17/I17)*16 -> 14.4 | AN17: =(Y17/J17)*16 -> 9.6 | AO17: =(Z17/K17)*16 -> 2.8 | AP17: =AVERAGE(AF17:AO17) -> 8.4891667
A18: UKYT-25-016 | B18: 7 | C18: 9 | D18: 3 | E18: . | F18: . | G18: . | H18: . | I18: . | J18: . | K18: . | L18: =SUM(B18:K18) -> 19 | M18: =AVERAGE(B18:K18) -> 6.3333333 | N18: =(L18/(L18+'Marketable Yield'!L18))*100 -> 31.147541 | Q18: 0.22 | R18: 0.31 | S18: 0.04 | T18: 0.17 | U18: 0.03 | V18: 0.31 | W18: 0.16 | X18: 0.04 | Y18: 0.64 | Z18: 0.94 | AA18: =SUM(Q18:Z18) -> 2.86 | AB18: =AVERAGE(Q18:Z18) -> 0.286 | AC18: =(AA18/(AA18+'Marketable Yield'!AA18))*100 -> 23.853211 | AF18: =(Q18/B18)*16 -> 0.50285714 | AG18: =(R18/C18)*16 -> 0.55111111 | AH18: =(S18/D18)*16 -> 0.21333333 | AI18: . | AJ18: . | AK18: . | AL18: . | AM18: . | AN18: . | AO18: . | AP18: =AVERAGE(AF18:AO18) -> 0.42243386
A19: UKYT-25-017 | B19: 7 | C19: 20 | D19: 0 | E19: . | F19: . | G19: . | H19: . | I19: . | J19: . | K19: . | L19: =SUM(B19:K19) -> 27 | M19: =AVERAGE(B19:K19) -> 9 | N19: =(L19/(L19+'Marketable Yield'!L19))*100 -> 18.243243 | Q19: 0.39 | R19: 1.09 | S19: 0 | T19: 0.81 | U19: 0.85 | V19: 1.61 | W19: 0.62 | X19: 0.18 | Y19: 2.09 | Z19: 1.69 | AA19: =SUM(Q19:Z19) -> 9.33 | AB19: =AVERAGE(Q19:Z19) -> 0.933 | AC19: =(AA19/(AA19+'Marketable Yield'!AA19))*100 -> 21.799065 | AF19: =(Q19/B19)*16 -> 0.89142857 | AG19: =(R19/C19)*16 -> 0.872 | AH19: . | AI19: . | AJ19: . | AK19: . | AL19: . | AM19: . | AN19: . | AO19: . | AP19: =AVERAGE(AF19:AO19) -> 0.88171429
A21: UKYT-26-006 | B21: 11 | C21: 37 | D21: 7 | E21: . | F21: . | G21: . | H21: . | I21: . | J21: . | K21: . | L21: =SUM(B21:K21) -> 55 | M21: =AVERAGE(B21:K21) -> 18.333333 | N21: =(L21/(L21+'Marketable Yield'!L21))*100 -> 15.580737 | Q21: 0.55 | R21: 1.58 | S21: 2.12 | T21: 2.61 | U21: 0.26 | V21: 0.55 | W21: 1.01 | X21: 0.16 | Y21: 0.28 | Z21: 0.26 | AA21: =SUM(Q21:Z21) -> 9.38 | AB21: =AVERAGE(Q21:Z21) -> 0.938 | AC21: =(AA21/(AA21+'Marketable Yield'!AA21))*100 -> 33.098095 | AF21: =(Q21/B21)*16 -> 0.8 | AG21: =(R21/C21)*16 -> 0.68324324 | AH21: =(S21/D21)*16 -> 4.8457143 | AI21: . | AJ21: . | AK21: . | AL21: . | AM21: . | AN21: . | AO21: . | AP21: =AVERAGE(AF21:AO21) -> 2.1096525
A22: UKYT-26-011 | B22: 3 | C22: 12 | D22: 5 | E22: 6 | F22: 5 | G22: 0 | H22: 1 | I22: 7 | J22: 2 | K22: 5 | L22: =SUM(B22:K22) -> 46 | M22: =AVERAGE(B22:K22) -> 4.6 | N22: =(L22/(L22+'Marketable Yield'!L22))*100 -> 71.875 | Q22: 3 | R22: 11.2 | S22: 3.9 | T22: 2.08 | U22: 3.1 | V22: 0 | W22: 0.5 | X22: 4 | Y22: 0.9 | Z22: 1.75 | AA22: =SUM(Q22:Z22) -> 30.43 | AB22: =AVERAGE(Q22:Z22) -> 3.043 | AC22: =(AA22/(AA22+'Marketable Yield'!AA22))*100 -> 76.669186 | AF22: =(Q22/B22)*16 -> 16 | AG22: =(R22/C22)*16 -> 14.933333 | AH22: =(S22/D22)*16 -> 12.48 | AI22: =(T22/E22)*16 -> 5.5466667 | AJ22: =(U22/F22)*16 -> 9.92 | AK22: . | AL22: =(W22/H22)*16 -> 8 | AM22: =(X22/I22)*16 -> 9.1428571 | AN22: =(Y22/J22)*16 -> 7.2 | AO22: =(Z22/K22)*16 -> 5.6 | AP22: =AVERAGE(AF22:AO22) -> 9.8692063
A23: UKYT-26-012 | B23: 6 | C23: 8 | D23: 4 | E23: 8 | F23: 3 | G23: 1 | H23: 0 | I23: 2 | J23: 0 | K23: 2 | L23: =SUM(B23:K23) -> 34 | M23: =AVERAGE(B23:K23) -> 3.4 | N23: =(L23/(L23+'Marketable Yield'!L23))*100 -> 58.62069 | Q23: 4.4 | R23: 8.15 | S23: 3.35 | T23: 2.76 | U23: 2.35 | V23: 0.7 | W23: 0 | X23: 1.25 | Y23: 0 | Z23: 0.8 | AA23: =SUM(Q23:Z23) -> 23.76 | AB23: =AVERAGE(Q23:Z23) -> 2.376 | AC23: =(AA23/(AA23+'Marketable Yield'!AA23))*100 -> 63.191489 | AF23: =(Q23/B23)*16 -> 11.733333 | AG23: =(R23/C23)*16 -> 16.3 | AH23: =(S23/D23)*16 -> 13.4 | AI23: =(T23/E23)*16 -> 5.52 | AJ23: =(U23/F23)*16 -> 12.533333 | AK23: =(V23/G23)*16 -> 11.2 | AL23: . | AM23: =(X23/I23)*16 -> 10 | AN23: . | AO23: =(Z23/K23)*16 -> 6.4 | AP23: =AVERAGE(AF23:AO23) -> 10.885833
A24: UKYT-26-013 | B24: 0 | C24: 7 | D24: 2 | E24: 9 | F24: 4 | G24: 0 | H24: 1 | I24: 2 | J24: 9 | K24: 7 | L24: =SUM(B24:K24) -> 41 | M24: =AVERAGE(B24:K24) -> 4.1 | N24: =(L24/(L24+'Marketable Yield'!L24))*100 -> 41.414141 | Q24: 0 | R24: 6.25 | S24: 1.3 | T24: 2.58 | U24: 1.85 | V24: 0 | W24: 0.5 | X24: 0.9 | Y24: 3.6 | Z24: 1.8 | AA24: =SUM(Q24:Z24) -> 18.78 | AB24: =AVERAGE(Q24:Z24) -> 1.878 | AC24: =(AA24/(AA24+'Marketable Yield'!AA24))*100 -> 46.531219 | AF24: . | AG24: =(R24/C24)*16 -> 14.285714 | AH24: =(S24/D24)*16 -> 10.4 | AI24: =(T24/E24)*16 -> 4.5866667 | AJ24: =(U24/F24)*16 -> 7.4 | AK24: . | AL24: =(W24/H24)*16 -> 8 | AM24: =(X24/I24)*16 -> 7.2 | AN24: =(Y24/J24)*16 -> 6.4 | AO24: =(Z24/K24)*16 -> 4.1142857 | AP24: =AVERAGE(AF24:AO24) -> 7.7983333
A25: UKYT-26-020 | B25: . | C25: 7 | D25: 2 | E25: 12 | F25: 5 | G25: 0 | H25: 1 | I25: 0 | J25: 4 | K25: 3 | L25: =SUM(B25:K25) -> 34 | M25: =AVERAGE(B25:K25) -> 3.7777778 | N25: =(L25/(L25+'Marketable Yield'!L25))*100 -> 56.666667 | Q25: . | R25: 5.5 | S25: 1.85 | T25: 4.12 | U25: 2.8 | V25: 0 | W25: 0.15 | X25: 0 | Y25: 1.45 | Z25: 0.85 | AA25: =SUM(Q25:Z25) -> 16.72 | AB25: =AVERAGE(Q25:Z25) -> 1.8577778 | AC25: =(AA25/(AA25+'Marketable Yield'!AA25))*100 -> 58.156522 | AF25: . | AG25: =(R25/C25)*16 -> 12.571429 | AH25: =(S25/D25)*16 -> 14.8 | AI25: =(T25/E25)*16 -> 5.4933333 | AJ25: =(U25/F25)*16 -> 8.96 | AK25: . | AL25: =(W25/H25)*16 -> 2.4 | AM25: . | AN25: =(Y25/J25)*16 -> 5.8 | AO25: =(Z25/K25)*16 -> 4.5333333 | AP25: =AVERAGE(AF25:AO25) -> 7.7940136
A26: UKYT-26-021 | B26: 2 | C26: 8 | D26: 1 | E26: 13 | F26: 3 | G26: 2 | H26: 0 | I26: 2 | J26: 4 | K26: 6 | L26: =SUM(B26:K26) -> 41 | M26: =AVERAGE(B26:K26) -> 4.1 | N26: =(L26/(L26+'Marketable Yield'!L26))*100 -> 62.121212 | Q26: 1.4 | R26: 6.9 | S26: 1 | T26: 4.66 | U26: 2.25 | V26: 1.1 | W26: 0 | X26: 1.55 | Y26: 1.5 | Z26: 2.05 | AA26: =SUM(Q26:Z26) -> 22.41 | AB26: =AVERAGE(Q26:Z26) -> 2.241 | AC26: =(AA26/(AA26+'Marketable Yield'!AA26))*100 -> 64.285714 | AF26: =(Q26/B26)*16 -> 11.2 | AG26: =(R26/C26)*16 -> 13.8 | AH26: =(S26/D26)*16 -> 16 | AI26: =(T26/E26)*16 -> 5.7353846 | AJ26: =(U26/F26)*16 -> 12 | AK26: =(V26/G26)*16 -> 8.8 | AL26: . | AM26: =(X26/I26)*16 -> 12.4 | AN26: =(Y26/J26)*16 -> 6 | AO26: =(Z26/K26)*16 -> 5.4666667 | AP26: =AVERAGE(AF26:AO26) -> 10.155783
A27: UKYT-26-022 | B27: . | C27: 8 | D27: 2 | E27: 2 | F27: 3 | G27: 4 | H27: 1 | I27: 3 | J27: 12 | K27: 8 | L27: =SUM(B27:K27) -> 43 | M27: =AVERAGE(B27:K27) -> 4.7777778 | N27: =(L27/(L27+'Marketable Yield'!L27))*100 -> 67.1875 | Q27: . | R27: 5.45 | S27: 1.2 | T27: 0.52 | U27: 1.55 | V27: 1.55 | W27: 0.45 | X27: 1.45 | Y27: 4 | Z27: 3 | AA27: =SUM(Q27:Z27) -> 19.17 | AB27: =AVERAGE(Q27:Z27) -> 2.13 | AC27: =(AA27/(AA27+'Marketable Yield'!AA27))*100 -> 66.747911 | AF27: . | AG27: =(R27/C27)*16 -> 10.9 | AH27: =(S27/D27)*16 -> 9.6 | AI27: =(T27/E27)*16 -> 4.16 | AJ27: =(U27/F27)*16 -> 8.2666667 | AK27: =(V27/G27)*16 -> 6.2 | AL27: =(W27/H27)*16 -> 7.2 | AM27: =(X27/I27)*16 -> 7.7333333 | AN27: =(Y27/J27)*16 -> 5.3333333 | AO27: =(Z27/K27)*16 -> 6 | AP27: =AVERAGE(AF27:AO27) -> 7.2659259
A28: UKYT-26-023 | B28: 1 | C28: 10 | D28: 2 | E28: 7 | F28: 2 | G28: 0 | H28: 0 | I28: 6 | J28: 8 | K28: 5 | L28: =SUM(B28:K28) -> 41 | M28: =AVERAGE(B28:K28) -> 4.1 | N28: =(L28/(L28+'Marketable Yield'!L28))*100 -> 37.272727 | Q28: 1.25 | R28: 7.65 | S28: 1.4 | T28: 1.75 | U28: 1.1 | V28: 0 | W28: 0 | X28: 2.3 | Y28: 2.9 | Z28: 1.45 | AA28: =SUM(Q28:Z28) -> 19.8 | AB28: =AVERAGE(Q28:Z28) -> 1.98 | AC28: =(AA28/(AA28+'Marketable Yield'!AA28))*100 -> 40.080972 | AF28: =(Q28/B28)*16 -> 20 | AG28: =(R28/C28)*16 -> 12.24 | AH28: =(S28/D28)*16 -> 11.2 | AI28: =(T28/E28)*16 -> 4 | AJ28: =(U28/F28)*16 -> 8.8 | AK28: . | AL28: . | AM28: =(X28/I28)*16 -> 6.1333333 | AN28: =(Y28/J28)*16 -> 5.8 | AO28: =(Z28/K28)*16 -> 4.64 | AP28: =AVERAGE(AF28:AO28) -> 9.1016667
A29: UKYT-26-024 | B29: . | C29: 12 | D29: 6 | E29: 15 | F29: 0 | G29: 1 | H29: 1 | I29: 6 | J29: 7 | K29: 25 | L29: =SUM(B29:K29) -> 73 | M29: =AVERAGE(B29:K29) -> 8.1111111 | N29: =(L29/(L29+'Marketable Yield'!L29))*100 -> 96.052632 | Q29: . | R29: 8.9 | S29: 5 | T29: 4.8 | U29: 0 | V29: 0.55 | W29: 0.6 | X29: 3.5 | Y29: 2.85 | Z29: 9 | AA29: =SUM(Q29:Z29) -> 35.2 | AB29: =AVERAGE(Q29:Z29) -> 3.9111111 | AC29: =(AA29/(AA29+'Marketable Yield'!AA29))*100 -> 92.875989 | AF29: . | AG29: =(R29/C29)*16 -> 11.866667 | AH29: =(S29/D29)*16 -> 13.333333 | AI29: =(T29/E29)*16 -> 5.12 | AJ29: . | AK29: =(V29/G29)*16 -> 8.8 | AL29: =(W29/H29)*16 -> 9.6 | AM29: =(X29/I29)*16 -> 9.3333333 | AN29: =(Y29/J29)*16 -> 6.5142857 | AO29: =(Z29/K29)*16 -> 5.76 | AP29: =AVERAGE(AF29:AO29) -> 8.7909524
A30: UKYT-26-025 | B30: . | C30: 7 | D30: 2 | E30: 9 | F30: 33 | G30: 1 | H30: 1 | I30: 10 | J30: 6 | K30: 3 | L30: =SUM(B30:K30) -> 72 | M30: =AVERAGE(B30:K30) -> 8 | N30: =(L30/(L30+'Marketable Yield'!L30))*100 -> 65.454545 | Q30: . | R30: 6.35 | S30: 1.9 | T30: 6.5 | U30: 0 | V30: 0.65 | W30: 0.2 | X30: 4.25 | Y30: 2.6 | Z30: 1.2 | AA30: =SUM(Q30:Z30) -> 23.65 | AB30: =AVERAGE(Q30:Z30) -> 2.6277778 | AC30: =(AA30/(AA30+'Marketable Yield'!AA30))*100 -> 57.125604 | AF30: . | AG30: =(R30/C30)*16 -> 14.514286 | AH30: =(S30/D30)*16 -> 15.2 | AI30: =(T30/E30)*16 -> 11.555556 | AJ30: =(U30/F30)*16 -> 0 | AK30: =(V30/G30)*16 -> 10.4 | AL30: =(W30/H30)*16 -> 3.2 | AM30: =(X30/I30)*16 -> 6.8 | AN30: =(Y30/J30)*16 -> 6.9333333 | AO30: =(Z30/K30)*16 -> 6.4 | AP30: =AVERAGE(AF30:AO30) -> 8.3336861
A31: UKYT-26-026 | B31: 2 | C31: 5 | D31: 6 | E31: 15 | F31: 5 | G31: 2 | H31: 1 | I31: 4 | J31: 11 | K31: 4 | L31: =SUM(B31:K31) -> 55 | M31: =AVERAGE(B31:K31) -> 5.5 | N31: =(L31/(L31+'Marketable Yield'!L31))*100 -> 87.301587 | Q31: 2.1 | R31: 3.55 | S31: 5.25 | T31: 12.35 | U31: 2.4 | V31: 1.4 | W31: 0.4 | X31: 1.6 | Y31: 5 | Z31: 1.1 | AA31: =SUM(Q31:Z31) -> 35.15 | AB31: =AVERAGE(Q31:Z31) -> 3.515 | AC31: =(AA31/(AA31+'Marketable Yield'!AA31))*100 -> 86.046512 | AF31: =(Q31/B31)*16 -> 16.8 | AG31: =(R31/C31)*16 -> 11.36 | AH31: =(S31/D31)*16 -> 14 | AI31: =(T31/E31)*16 -> 13.173333 | AJ31: =(U31/F31)*16 -> 7.68 | AK31: =(V31/G31)*16 -> 11.2 | AL31: =(W31/H31)*16 -> 6.4 | AM31: =(X31/I31)*16 -> 6.4 | ... AO31: =(Z31/K31)*16 -> 4.4 | AP31: =AVERAGE(AF31:AO31) -> 9.8686061
A32: UKYT-26-027 | B32: . | C32: 6 | D32: 2 | E32: 12 | F32: 2 | G32: 0 | H32: 0 | I32: 0 | J32: 4 | K32: 9 | L32: =SUM(B32:K32) -> 35 | M32: =AVERAGE(B32:K32) -> 3.8888889 | N32: =(L32/(L32+'Marketable Yield'!L32))*100 -> 50 | Q32: . | R32: 6.85 | S32: 1.7 | T32: 8.4 | U32: 2.05 | V32: 0 | W32: 0 | X32: 0 | Y32: 1.95 | Z32: 4.4 | AA32: =SUM(Q32:Z32) -> 25.35 | AB32: =AVERAGE(Q32:Z32) -> 2.8166667 | AC32: =(AA32/(AA32+'Marketable Yield'!AA32))*100 -> 48.148148 | AF32: . | AG32: =(R32/C32)*16 -> 18.266667 | AH32: =(S32/D32)*16 -> 13.6 | AI32: =(T32/E32)*16 -> 11.2 | AJ32: =(U32/F32)*16 -> 16.4 | AK32: . | AL32: . | AM32: . | AN32: =(Y32/J32)*16 -> 7.8 | AO32: =(Z32/K32)*16 -> 7.8222222 | AP32: =AVERAGE(AF32:AO32) -> 12.514815
A33: UKYT-26-028 | B33: 1 | C33: 5 | D33: 1 | E33: 15 | F33: 3 | G33: 0 | H33: 1 | I33: 1 | J33: 5 | K33: 5 | L33: =SUM(B33:K33) -> 37 | M33: =AVERAGE(B33:K33) -> 3.7 | N33: =(L33/(L33+'Marketable Yield'!L33))*100 -> 39.784946 | Q33: 0.5 | R33: 3.9 | S33: 0.5 | T33: 6.4 | U33: 1.75 | V33: 0 | W33: 0.4 | X33: 0.35 | Y33: 1.9 | Z33: 1.6 | AA33: =SUM(Q33:Z33) -> 17.3 | AB33: =AVERAGE(Q33:Z33) -> 1.73 | AC33: =(AA33/(AA33+'Marketable Yield'!AA33))*100 -> 36.382755 | AF33: =(Q33/B33)*16 -> 8 | AG33: =(R33/C33)*16 -> 12.48 | AH33: =(S33/D33)*16 -> 8 | AI33: =(T33/E33)*16 -> 6.8266667 | AJ33: =(U33/F33)*16 -> 9.3333333 | AK33: . | AL33: =(W33/H33)*16 -> 6.4 | AM33: =(X33/I33)*16 -> 5.6 | AN33: =(Y33/J33)*16 -> 6.08 | AO33: =(Z33/K33)*16 -> 5.12 | AP33: =AVERAGE(AF33:AO33) -> 7.5377778
A34: UKYT-26-029 | B34: 2 | C34: 5 | D34: 1 | E34: 16 | F34: 6 | G34: 0 | H34: 2 | I34: 25 | J34: 27 | K34: 9 | L34: =SUM(B34:K34) -> 93 | M34: =AVERAGE(B34:K34) -> 9.3 | N34: =(L34/(L34+'Marketable Yield'!L34))*100 -> 41.333333 | Q34: 1 | R34: 2.45 | S34: 0.5 | T34: 5.4 | U34: 2.05 | V34: 0 | W34: 0.55 | X34: 5.3 | Y34: 5 | Z34: 1.35 | AA34: =SUM(Q34:Z34) -> 23.6 | AB34: =AVERAGE(Q34:Z34) -> 2.36 | AC34: =(AA34/(AA34+'Marketable Yield'!AA34))*100 -> 36.113236 | AF34: =(Q34/B34)*16 -> 8 | AG34: =(R34/C34)*16 -> 7.84 | AH34: =(S34/D34)*16 -> 8 | AI34: =(T34/E34)*16 -> 5.4 | AJ34: =(U34/F34)*16 -> 5.4666667 | AK34: . | AL34: =(W34/H34)*16 -> 4.4 | AM34: =(X34/I34)*16 -> 3.392 | AN34: =(Y34/J34)*16 -> 2.962963 | AO34: =(Z34/K34)*16 -> 2.4 | AP34: =AVERAGE(AF34:AO34) -> 5.3179588
A35: UKYT-26-030 | B35: 7 | C35: 9 | D35: 1 | E35: 34 | F35: 3 | G35: 4 | H35: 21 | I35: 15 | J35: 24 | K35: 16 | L35: =SUM(B35:K35) -> 134 | M35: =AVERAGE(B35:K35) -> 13.4 | N35: =(L35/(L35+'Marketable Yield'!L35))*100 -> 55.833333 | Q35: 1.7 | R35: 2.6 | S35: 0.2 | T35: 6.5 | U35: 0.55 | V35: 0.5 | W35: 1.9 | X35: 2 | Y35: 2.55 | Z35: 1.15 | AA35: =SUM(Q35:Z35) -> 19.65 | AB35: =AVERAGE(Q35:Z35) -> 1.965 | AC35: =(AA35/(AA35+'Marketable Yield'!AA35))*100 -> 47.752126 | AF35: =(Q35/B35)*16 -> 3.8857143 | AG35: =(R35/C35)*16 -> 4.6222222 | AH35: =(S35/D35)*16 -> 3.2 | AI35: =(T35/E35)*16 -> 3.0588235 | AJ35: =(U35/F35)*16 -> 2.9333333 | AK35: =(V35/G35)*16 -> 2 | AL35: =(W35/H35)*16 -> 1.447619 | AM35: =(X35/I35)*16 -> 2.1333333 | ... AO35: =(Z35/K35)*16 -> 1.15 | AP35: =AVERAGE(AF35:AO35) -> 2.6131046
A36: UKYT-26-031 | B36: 3 | C36: 11 | D36: 1 | E36: 22 | F36: 5 | G36: 4 | H36: 5 | I36: 25 | J36: 13 | K36: 42 | L36: =SUM(B36:K36) -> 131 | M36: =AVERAGE(B36:K36) -> 13.1 | N36: =(L36/(L36+'Marketable Yield'!L36))*100 -> 58.222222 | Q36: 1.3 | R36: 4.75 | S36: 0.35 | T36: 7.2 | U36: 1.55 | V36: 0.75 | W36: 1.05 | X36: 4.65 | Y36: 2.65 | Z36: 6.2 | AA36: =SUM(Q36:Z36) -> 30.45 | AB36: =AVERAGE(Q36:Z36) -> 3.045 | AC36: =(AA36/(AA36+'Marketable Yield'!AA36))*100 -> 48.954984 | AF36: =(Q36/B36)*16 -> 6.9333333 | AG36: =(R36/C36)*16 -> 6.9090909 | AH36: =(S36/D36)*16 -> 5.6 | AI36: =(T36/E36)*16 -> 5.2363636 | AJ36: =(U36/F36)*16 -> 4.96 | AK36: =(V36/G36)*16 -> 3 | AL36: =(W36/H36)*16 -> 3.36 | AM36: =(X36/I36)*16 -> 2.976 | ... AO36: =(Z36/K36)*16 -> 2.3619048 | AP36: =AVERAGE(AF36:AO36) -> 4.4598231
A38: Cherokee Purple | B38: 3 | C38: 6 | D38: 2 | E38: 7 | F38: 3 | G38: 0 | H38: 1 | I38: 2 | J38: 15 | K38: 28 | L38: =SUM(B38:K38) -> 67 | M38: =AVERAGE(B38:K38) -> 6.7 | N38: =(L38/(L38+'Marketable Yield'!L38))*100 -> 90.540541 | Q38: 2.5 | R38: 3.9 | S38: 1.5 | T38: 2.08 | U38: 1.5 | V38: 0 | W38: 0.55 | X38: 1.35 | Y38: 8.1 | Z38: 14.1 | AA38: =SUM(Q38:Z38) -> 35.58 | AB38: =AVERAGE(Q38:Z38) -> 3.558 | AC38: =(AA38/(AA38+'Marketable Yield'!AA38))*100 -> 90.672783 | AF38: =(Q38/B38)*16 -> 13.333333 | AG38: =(R38/C38)*16 -> 10.4 | AH38: =(S38/D38)*16 -> 12 | AI38: =(T38/E38)*16 -> 4.7542857 | AJ38: =(U38/F38)*16 -> 8 | AK38: . | AL38: =(W38/H38)*16 -> 8.8 | AM38: =(X38/I38)*16 -> 10.8 | AN38: =(Y38/J38)*16 -> 8.64 | AO38: =(Z38/K38)*16 -> 8.0571429 | AP38: =AVERAGE(AF38:AO38) -> 9.4205291
A39: UKYT-26-033 | B39: 0 | C39: 14 | D39: 3 | E39: 17 | F39: 8 | G39: 0 | H39: 5 | I39: 7 | J39: 11 | K39: 15 | L39: =SUM(B39:K39) -> 80 | M39: =AVERAGE(B39:K39) -> 8 | N39: =(L39/(L39+'Marketable Yield'!L39))*100 -> 41.666667 | Q39: 0 | R39: 3.55 | S39: 1.1 | T39: 2.06 | U39: 2.55 | V39: 0 | W39: 1.25 | X39: 1.35 | Y39: 1.8 | Z39: 3.5 | AA39: =SUM(Q39:Z39) -> 17.16 | AB39: =AVERAGE(Q39:Z39) -> 1.716 | AC39: =(AA39/(AA39+'Marketable Yield'!AA39))*100 -> 38.218263 | AF39: . | AG39: =(R39/C39)*16 -> 4.0571429 | AH39: =(S39/D39)*16 -> 5.8666667 | AI39: =(T39/E39)*16 -> 1.9388235 | AJ39: =(U39/F39)*16 -> 5.1 | AK39: . | AL39: =(W39/H39)*16 -> 4 | AM39: =(X39/I39)*16 -> 3.0857143 | AN39: =(Y39/J39)*16 -> 2.6181818 | AO39: =(Z39/K39)*16 -> 3.7333333 | AP39: =AVERAGE(AF39:AO39) -> 3.7999828
A40: UKYT-26-034 | B40: 1 | C40: 14 | D40: 1 | E40: 12 | F40: 4 | G40: 3 | H40: 10 | I40: 13 | J40: 7 | K40: 3 | L40: =SUM(B40:K40) -> 68 | M40: =AVERAGE(B40:K40) -> 6.8 | N40: =(L40/(L40+'Marketable Yield'!L40))*100 -> 54.4 | Q40: 0.35 | R40: 4.35 | S40: 0.55 | T40: 1.84 | U40: 1 | V40: 0.7 | W40: 1.95 | X40: 2.35 | Y40: 1 | Z40: 0.35 | AA40: =SUM(Q40:Z40) -> 14.44 | AB40: =AVERAGE(Q40:Z40) -> 1.444 | AC40: =(AA40/(AA40+'Marketable Yield'!AA40))*100 -> 47.035831 | AF40: =(Q40/B40)*16 -> 5.6 | AG40: =(R40/C40)*16 -> 4.9714286 | AH40: =(S40/D40)*16 -> 8.8 | AI40: =(T40/E40)*16 -> 2.4533333 | AJ40: =(U40/F40)*16 -> 4 | AK40: =(V40/G40)*16 -> 3.7333333 | AL40: =(W40/H40)*16 -> 3.12 | AM40: =(X40/I40)*16 -> 2.8923077 | ... AO40: =(Z40/K40)*16 -> 1.8666667 | AP40: =AVERAGE(AF40:AO40) -> 3.9722784
A41: UKYT-26-035 | B41: 9 | C41: 7 | D41: 13 | E41: 51 | F41: 12 | G41: 7 | H41: 15 | I41: 30 | J41: 61 | K41: 23 | L41: =SUM(B41:K41) -> 228 | M41: =AVERAGE(B41:K41) -> 22.8 | N41: =(L41/(L41+'Marketable Yield'!L41))*100 -> 75 | Q41: 2.65 | R41: 1.7 | S41: 2.7 | T41: 4.32 | U41: 2.55 | V41: 0.75 | W41: 2 | X41: 3.35 | Y41: 5.45 | Z41: 1.9 | AA41: =SUM(Q41:Z41) -> 27.37 | AB41: =AVERAGE(Q41:Z41) -> 2.737 | AC41: =(AA41/(AA41+'Marketable Yield'!AA41))*100 -> 69.608342 | AF41: =(Q41/B41)*16 -> 4.7111111 | AG41: =(R41/C41)*16 -> 3.8857143 | AH41: =(S41/D41)*16 -> 3.3230769 | AI41: =(T41/E41)*16 -> 1.3552941 | AJ41: =(U41/F41)*16 -> 3.4 | AK41: =(V41/G41)*16 -> 1.7142857 | AL41: =(W41/H41)*16 -> 2.1333333 | AM41: =(X41/I41)*16 -> 1.7866667 | ... AO41: =(Z41/K41)*16 -> 1.3217391 | AP41: =AVERAGE(AF41:AO41) -> 2.5060729
A42: UKYT-26-037 | B42: 1 | C42: 7 | D42: 3 | E42: 6 | F42: 2 | G42: 0 | H42: 3 | I42: 18 | J42: 14 | K42: 5 | L42: =SUM(B42:K42) -> 59 | M42: =AVERAGE(B42:K42) -> 5.9 | N42: =(L42/(L42+'Marketable Yield'!L42))*100 -> 33.522727 | Q42: 0.1 | R42: 2.55 | S42: 0.55 | T42: 1.04 | U42: 0.6 | V42: 0 | W42: 0.6 | X42: 2.95 | Y42: 2.45 | Z42: 0.8 | AA42: =SUM(Q42:Z42) -> 11.64 | AB42: =AVERAGE(Q42:Z42) -> 1.164 | AC42: =(AA42/(AA42+'Marketable Yield'!AA42))*100 -> 25.86092 | AF42: =(Q42/B42)*16 -> 1.6 | AG42: =(R42/C42)*16 -> 5.8285714 | AH42: =(S42/D42)*16 -> 2.9333333 | AI42: =(T42/E42)*16 -> 2.7733333 | AJ42: =(U42/F42)*16 -> 4.8 | AK42: . | AL42: =(W42/H42)*16 -> 3.2 | AM42: =(X42/I42)*16 -> 2.6222222 | AN42: =(Y42/J42)*16 -> 2.8 | AO42: =(Z42/K42)*16 -> 2.56 | AP42: =AVERAGE(AF42:AO42) -> 3.2352734
A43: UKYT-26-038 | B43: . | C43: 14 | D43: 6 | E43: 6 | F43: 9 | G43: 1 | H43: 2 | I43: 4 | J43: 0 | K43: 2 | L43: =SUM(B43:K43) -> 44 | M43: =AVERAGE(B43:K43) -> 4.8888889 | N43: =(L43/(L43+'Marketable Yield'!L43))*100 -> 61.971831 | Q43: . | R43: 4 | S43: 2.05 | T43: 1.18 | U43: 2.4 | V43: 0.25 | W43: 0.4 | X43: 1 | Y43: 0 | Z43: 0.5 | AA43: =SUM(Q43:Z43) -> 11.78 | AB43: =AVERAGE(Q43:Z43) -> 1.3088889 | AC43: =(AA43/(AA43+'Marketable Yield'!AA43))*100 -> 51.576182 | AF43: . | AG43: =(R43/C43)*16 -> 4.5714286 | AH43: =(S43/D43)*16 -> 5.4666667 | AI43: =(T43/E43)*16 -> 3.1466667 | AJ43: =(U43/F43)*16 -> 4.2666667 | AK43: =(V43/G43)*16 -> 4 | AL43: =(W43/H43)*16 -> 3.2 | AM43: =(X43/I43)*16 -> 4 | AN43: . | AO43: =(Z43/K43)*16 -> 4 | AP43: =AVERAGE(AF43:AO43) -> 4.0814286
A44: UKYT-26-039 | B44: 2 | C44: 12 | D44: 4 | E44: 47 | F44: 24 | G44: 18 | H44: 6 | I44: 11 | J44: 29 | K44: 22 | L44: =SUM(B44:K44) -> 175 | M44: =AVERAGE(B44:K44) -> 17.5 | N44: =(L44/(L44+'Marketable Yield'!L44))*100 -> 83.732057 | Q44: 0.95 | R44: 5.15 | S44: 1.8 | T44: 7.66 | U44: 8.45 | V44: 6.15 | W44: 2.5 | X44: 4.85 | Y44: 9.35 | Z44: 4.5 | AA44: =SUM(Q44:Z44) -> 51.36 | AB44: =AVERAGE(Q44:Z44) -> 5.136 | AC44: =(AA44/(AA44+'Marketable Yield'!AA44))*100 -> 81.214421 | AF44: =(Q44/B44)*16 -> 7.6 | AG44: =(R44/C44)*16 -> 6.8666667 | AH44: =(S44/D44)*16 -> 7.2 | AI44: =(T44/E44)*16 -> 2.6076596 | AJ44: =(U44/F44)*16 -> 5.6333333 | AK44: =(V44/G44)*16 -> 5.4666667 | AL44: =(W44/H44)*16 -> 6.6666667 | AM44: =(X44/I44)*16 -> 7.0545455 | ... AO44: =(Z44/K44)*16 -> 3.2727273 | AP44: =AVERAGE(AF44:AO44) -> 5.7526886
A45: UKYT-26-001 | B45: . | C45: 6 | D45: 3 | E45: 57 | F45: 12 | G45: 4 | H45: 1 | I45: 2 | J45: 4 | K45: 8 | L45: =SUM(B45:K45) -> 97 | M45: =AVERAGE(B45:K45) -> 10.777778 | N45: =(L45/(L45+'Marketable Yield'!L45))*100 -> 93.269231 | Q45: . | R45: 1.4 | S45: 0.65 | T45: 4.18 | U45: 1.95 | V45: 0.65 | W45: 0.15 | X45: 0.3 | Y45: 0.45 | Z45: 0.9 | AA45: =SUM(Q45:Z45) -> 10.63 | AB45: =AVERAGE(Q45:Z45) -> 1.1811111 | AC45: =(AA45/(AA45+'Marketable Yield'!AA45))*100 -> 89.932318 | AF45: . | AG45: =(R45/C45)*16 -> 3.7333333 | AH45: =(S45/D45)*16 -> 3.4666667 | AI45: =(T45/E45)*16 -> 1.1733333 | AJ45: =(U45/F45)*16 -> 2.6 | AK45: =(V45/G45)*16 -> 2.6 | AL45: =(W45/H45)*16 -> 2.4 | AM45: =(X45/I45)*16 -> 2.4 | AN45: =(Y45/J45)*16 -> 1.8 | AO45: =(Z45/K45)*16 -> 1.8 | AP45: =AVERAGE(AF45:AO45) -> 2.4414815
A46: Mountain Fresh Plus | B46: . | C46: 10 | D46: 6 | E46: 25 | F46: 1 | G46: 0 | H46: 0 | I46: 1 | J46: 7 | K46: 6 | L46: =SUM(B46:K46) -> 56 | M46: =AVERAGE(B46:K46) -> 6.2222222 | N46: =(L46/(L46+'Marketable Yield'!L46))*100 -> 47.457627 | Q46: . | R46: 6.5 | S46: 2.65 | T46: 8.5 | U46: 0.95 | V46: 0 | W46: 0 | X46: 0.65 | Y46: 3.85 | Z46: 4.1 | AA46: =SUM(Q46:Z46) -> 27.2 | AB46: =AVERAGE(Q46:Z46) -> 3.0222222 | AC46: =(AA46/(AA46+'Marketable Yield'!AA46))*100 -> 48.167168 | AF46: . | AG46: =(R46/C46)*16 -> 10.4 | AH46: =(S46/D46)*16 -> 7.0666667 | AI46: =(T46/E46)*16 -> 5.44 | AJ46: =(U46/F46)*16 -> 15.2 | AK46: . | AL46: . | AM46: =(X46/I46)*16 -> 10.4 | AN46: =(Y46/J46)*16 -> 8.8 | AO46: =(Z46/K46)*16 -> 10.933333 | AP46: =AVERAGE(AF46:AO46) -> 9.7485714
A47: UKYT-26-014 | B47: 0 | C47: 12 | D47: 5 | E47: 7 | F47: 1 | G47: 1 | H47: 0 | I47: 0 | J47: 4 | K47: 1 | L47: =SUM(B47:K47) -> 31 | M47: =AVERAGE(B47:K47) -> 3.1 | N47: =(L47/(L47+'Marketable Yield'!L47))*100 -> 46.969697 | Q47: 0 | R47: 5.9 | S47: 2.05 | T47: 1.42 | U47: 0.55 | V47: 0.65 | W47: 0 | X47: 0 | Y47: 1.55 | Z47: 0.5 | AA47: =SUM(Q47:Z47) -> 12.62 | AB47: =AVERAGE(Q47:Z47) -> 1.262 | AC47: =(AA47/(AA47+'Marketable Yield'!AA47))*100 -> 48.575828 | AF47: . | AG47: =(R47/C47)*16 -> 7.8666667 | AH47: =(S47/D47)*16 -> 6.56 | AI47: =(T47/E47)*16 -> 3.2457143 | AJ47: =(U47/F47)*16 -> 8.8 | AK47: =(V47/G47)*16 -> 10.4 | AL47: . | AM47: . | AN47: =(Y47/J47)*16 -> 6.2 | AO47: =(Z47/K47)*16 -> 8 | AP47: =AVERAGE(AF47:AO47) -> 7.2960544
A48: UKYT-26-015 | B48: 1 | C48: 14 | D48: 5 | E48: . | F48: . | G48: . | H48: . | I48: . | J48: . | K48: . | L48: =SUM(B48:K48) -> 20 | M48: =AVERAGE(B48:K48) -> 6.6666667 | N48: =(L48/(L48+'Marketable Yield'!L48))*100 -> 12.269939 | Q48: 0.08 | R48: 0.81 | S48: 0.22 | T48: 0.48 | U48: 0.89 | V48: 2.78 | W48: 1.12 | X48: 0.41 | Y48: 0.42 | Z48: 1 | AA48: =SUM(Q48:Z48) -> 8.21 | AB48: =AVERAGE(Q48:Z48) -> 0.821 | AC48: =(AA48/(AA48+'Marketable Yield'!AA48))*100 -> 22.567345 | AF48: =(Q48/B48)*16 -> 1.28 | AG48: =(R48/C48)*16 -> 0.92571429 | AH48: =(S48/D48)*16 -> 0.704 | AI48: . | AJ48: . | AK48: . | AL48: . | AM48: . | AN48: . | AO48: . | AP48: =AVERAGE(AF48:AO48) -> 0.96990476
A49: UKYT-26-016 | B49: . | C49: 6 | D49: 12 | E49: 13 | F49: 5 | G49: 2 | H49: 2 | I49: 2 | J49: 5 | K49: 19 | L49: =SUM(B49:K49) -> 66 | M49: =AVERAGE(B49:K49) -> 7.3333333 | N49: =(L49/(L49+'Marketable Yield'!L49))*100 -> 75.862069 | Q49: . | R49: 5.15 | S49: 8.95 | T49: 4.62 | U49: 4.35 | V49: 1.7 | W49: 0.8 | X49: 1.25 | Y49: 2.25 | Z49: 10.6 | AA49: =SUM(Q49:Z49) -> 39.67 | AB49: =AVERAGE(Q49:Z49) -> 4.4077778 | AC49: =(AA49/(AA49+'Marketable Yield'!AA49))*100 -> 81.091578 | AF49: . | AG49: =(R49/C49)*16 -> 13.733333 | AH49: =(S49/D49)*16 -> 11.933333 | AI49: =(T49/E49)*16 -> 5.6861538 | AJ49: =(U49/F49)*16 -> 13.92 | AK49: =(V49/G49)*16 -> 13.6 | AL49: =(W49/H49)*16 -> 6.4 | AM49: =(X49/I49)*16 -> 10 | AN49: =(Y49/J49)*16 -> 7.2 | AO49: =(Z49/K49)*16 -> 8.9263158 | AP49: =AVERAGE(AF49:AO49) -> 10.15546
A50: UKYT-26-017 | B50: . | C50: . | D50: 13 | E50: 12 | F50: 2 | G50: 2 | H50: 0 | I50: 0 | J50: 9 | K50: 17 | L50: =SUM(B50:K50) -> 55 | M50: =AVERAGE(B50:K50) -> 6.875 | N50: =(L50/(L50+'Marketable Yield'!L50))*100 -> 98.214286 | Q50: . | R50: . | S50: 9.3 | T50: 3.72 | U50: 1.5 | V50: 1.95 | W50: 0 | X50: 0 | Y50: 3.65 | Z50: 12.2 | AA50: =SUM(Q50:Z50) -> 32.32 | AB50: =AVERAGE(Q50:Z50) -> 4.04 | AC50: =(AA50/(AA50+'Marketable Yield'!AA50))*100 -> 98.1774 | AF50: . | AG50: . | AH50: =(S50/D50)*16 -> 11.446154 | AI50: =(T50/E50)*16 -> 4.96 | AJ50: =(U50/F50)*16 -> 12 | AK50: =(V50/G50)*16 -> 15.6 | AL50: . | AM50: . | AN50: =(Y50/J50)*16 -> 6.4888889 | AO50: =(Z50/K50)*16 -> 11.482353 | AP50: =AVERAGE(AF50:AO50) -> 10.329566
A51: UKYT-26-018 | B51: . | C51: 6 | D51: 0 | E51: 16 | F51: 9 | G51: 5 | H51: 2 | I51: 5 | J51: 3 | K51: 17 | L51: =SUM(B51:K51) -> 63 | M51: =AVERAGE(B51:K51) -> 7 | N51: =(L51/(L51+'Marketable Yield'!L51))*100 -> 80.769231 | Q51: . | R51: 6.45 | S51: 0 | T51: 3.64 | U51: 2.8 | V51: 2 | W51: 0.9 | X51: 1.9 | Y51: 0.9 | Z51: 5.4 | AA51: =SUM(Q51:Z51) -> 23.99 | AB51: =AVERAGE(Q51:Z51) -> 2.6655556 | AC51: =(AA51/(AA51+'Marketable Yield'!AA51))*100 -> 79.94002 | AF51: . | AG51: =(R51/C51)*16 -> 17.2 | AH51: . | AI51: =(T51/E51)*16 -> 3.64 | AJ51: =(U51/F51)*16 -> 4.9777778 | AK51: =(V51/G51)*16 -> 6.4 | AL51: =(W51/H51)*16 -> 7.2 | AM51: =(X51/I51)*16 -> 6.08 | AN51: =(Y51/J51)*16 -> 4.8 | AO51: =(Z51/K51)*16 -> 5.0823529 | AP51: =AVERAGE(AF51:AO51) -> 6.9225163
A52: UKYT-26-019 | B52: . | C52: 1 | D52: 4 | E52: 38 | F52: 11 | G52: 8 | H52: 0 | I52: 0 | J52: 1 | K52: 11 | L52: =SUM(B52:K52) -> 74 | M52: =AVERAGE(B52:K52) -> 8.2222222 | N52: =(L52/(L52+'Marketable Yield'!L52))*100 -> 91.358025 | Q52: . | R52: 1.2 | S52: 3.5 | T52: 9.52 | U52: 5.75 | V52: 4.45 | W52: 0 | X52: 0 | Y52: 0.75 | Z52: 5.95 | AA52: =SUM(Q52:Z52) -> 31.12 | AB52: =AVERAGE(Q52:Z52) -> 3.4577778 | AC52: =(AA52/(AA52+'Marketable Yield'!AA52))*100 -> 89.117984 | AF52: . | AG52: =(R52/C52)*16 -> 19.2 | AH52: =(S52/D52)*16 -> 14 | AI52: =(T52/E52)*16 -> 4.0084211 | AJ52: =(U52/F52)*16 -> 8.3636364 | AK52: =(V52/G52)*16 -> 8.9 | AL52: . | AM52: . | AN52: =(Y52/J52)*16 -> 12 | AO52: =(Z52/K52)*16 -> 8.6545455 | AP52: =AVERAGE(AF52:AO52) -> 10.732372
A53: UKYT-26-032 | B53: 3 | C53: 12 | D53: 4 | E53: 33 | F53: 11 | G53: 10 | H53: 7 | I53: 24 | J53: 20 | K53: 19 | L53: =SUM(B53:K53) -> 143 | M53: =AVERAGE(B53:K53) -> 14.3 | N53: =(L53/(L53+'Marketable Yield'!L53))*100 -> 78.142077 | Q53: 0.95 | R53: 5.25 | S53: 1.8 | T53: 6.54 | U53: 3.45 | V53: 3.55 | W53: 1.3 | X53: 5.8 | Y53: 4.6 | Z53: 5.7 | AA53: =SUM(Q53:Z53) -> 38.94 | AB53: =AVERAGE(Q53:Z53) -> 3.894 | AC53: =(AA53/(AA53+'Marketable Yield'!AA53))*100 -> 74.827056 | AF53: =(Q53/B53)*16 -> 5.0666667 | AG53: =(R53/C53)*16 -> 7 | AH53: =(S53/D53)*16 -> 7.2 | AI53: =(T53/E53)*16 -> 3.1709091 | AJ53: =(U53/F53)*16 -> 5.0181818 | AK53: =(V53/G53)*16 -> 5.68 | AL53: =(W53/H53)*16 -> 2.9714286 | AM53: =(X53/I53)*16 -> 3.8666667 | ... AO53: =(Z53/K53)*16 -> 4.8 | AP53: =AVERAGE(AF53:AO53) -> 4.8453853
A54: UKYT-26-036 | B54: 1 | C54: 8 | D54: 1 | E54: 30 | F54: 8 | G54: 0 | H54: 4 | I54: 16 | J54: 10 | K54: 13 | L54: =SUM(B54:K54) -> 91 | M54: =AVERAGE(B54:K54) -> 9.1 | N54: =(L54/(L54+'Marketable Yield'!L54))*100 -> 42.924528 | Q54: 0.65 | R54: 3.05 | S54: 0.2 | T54: 3.5 | U54: 2.55 | V54: 0 | W54: 0.7 | X54: 3.75 | Y54: 2.15 | Z54: 2.85 | AA54: =SUM(Q54:Z54) -> 19.4 | AB54: =AVERAGE(Q54:Z54) -> 1.94 | AC54: =(AA54/(AA54+'Marketable Yield'!AA54))*100 -> 37.129187 | AF54: =(Q54/B54)*16 -> 10.4 | AG54: =(R54/C54)*16 -> 6.1 | AH54: =(S54/D54)*16 -> 3.2 | AI54: =(T54/E54)*16 -> 1.8666667 | AJ54: =(U54/F54)*16 -> 5.1 | AK54: . | AL54: =(W54/H54)*16 -> 2.8 | AM54: =(X54/I54)*16 -> 3.75 | AN54: =(Y54/J54)*16 -> 3.44 | AO54: =(Z54/K54)*16 -> 3.5076923 | AP54: =AVERAGE(AF54:AO54) -> 4.4627066
A56: NC 23706G | B56: 3 | C56: 15 | D56: 6 | E56: 10 | F56: 1 | G56: 6 | H56: 3 | I56: 16 | J56: 19 | K56: 15 | L56: =SUM(B56:K56) -> 94 | M56: =AVERAGE(B56:K56) -> 9.4 | N56: =(L56/(L56+'Marketable Yield'!L56))*100 -> 79.661017 | Q56: 3.45 | R56: 11.25 | S56: 4.9 | T56: 4.16 | U56: 0.85 | V56: 5.15 | W56: 1.35 | X56: 6.6 | Y56: 8.7 | Z56: 6.1 | AA56: =SUM(Q56:Z56) -> 52.51 | AB56: =AVERAGE(Q56:Z56) -> 5.251 | AC56: =(AA56/(AA56+'Marketable Yield'!AA56))*100 -> 80.339657 | AF56: =(Q56/B56)*16 -> 18.4 | AG56: =(R56/C56)*16 -> 12 | AH56: =(S56/D56)*16 -> 13.066667 | AI56: =(T56/E56)*16 -> 6.656 | AJ56: =(U56/F56)*16 -> 13.6 | AK56: =(V56/G56)*16 -> 13.733333 | AL56: =(W56/H56)*16 -> 7.2 | AM56: =(X56/I56)*16 -> 6.6 | ... AO56: =(Z56/K56)*16 -> 6.5066667 | AP56: =AVERAGE(AF56:AO56) -> 10.508898
A57: NC 23926G | B57: . | C57: 3 | D57: 5 | E57: 8 | F57: 4 | G57: 2 | H57: 0 | I57: 4 | J57: 6 | K57: 16 | L57: =SUM(B57:K57) -> 48 | M57: =AVERAGE(B57:K57) -> 5.3333333 | N57: =(L57/(L57+'Marketable Yield'!L57))*100 -> 70.588235 | Q57: . | R57: 3.8 | S57: 6.2 | T57: 3.84 | U57: 5.2 | V57: 3.15 | W57: 0 | X57: 1.8 | Y57: 3.75 | Z57: 10 | AA57: =SUM(Q57:Z57) -> 37.74 | AB57: =AVERAGE(Q57:Z57) -> 4.1933333 | AC57: =(AA57/(AA57+'Marketable Yield'!AA57))*100 -> 77.926905 | AF57: . | AG57: =(R57/C57)*16 -> 20.266667 | AH57: =(S57/D57)*16 -> 19.84 | AI57: =(T57/E57)*16 -> 7.68 | AJ57: =(U57/F57)*16 -> 20.8 | AK57: =(V57/G57)*16 -> 25.2 | AL57: . | AM57: =(X57/I57)*16 -> 7.2 | AN57: =(Y57/J57)*16 -> 10 | AO57: =(Z57/K57)*16 -> 10 | AP57: =AVERAGE(AF57:AO57) -> 15.123333
A58: NC 24271G | B58: 0 | C58: 11 | D58: 2 | E58: 17 | F58: 3 | G58: 1 | H58: 2 | I58: 4 | J58: 23 | K58: 3 | L58: =SUM(B58:K58) -> 66 | M58: =AVERAGE(B58:K58) -> 6.6 | N58: =(L58/(L58+'Marketable Yield'!L58))*100 -> 50.769231 | Q58: 0 | R58: 5.6 | S58: 1.1 | T58: 3.44 | U58: 0.65 | V58: 0.4 | W58: 0.4 | X58: 1.2 | Y58: 7.25 | Z58: 0.75 | AA58: =SUM(Q58:Z58) -> 20.79 | AB58: =AVERAGE(Q58:Z58) -> 2.079 | AC58: =(AA58/(AA58+'Marketable Yield'!AA58))*100 -> 46.845426 | AF58: . | AG58: =(R58/C58)*16 -> 8.1454545 | AH58: =(S58/D58)*16 -> 8.8 | AI58: =(T58/E58)*16 -> 3.2376471 | AJ58: =(U58/F58)*16 -> 3.4666667 | AK58: =(V58/G58)*16 -> 6.4 | AL58: =(W58/H58)*16 -> 3.2 | AM58: =(X58/I58)*16 -> 4.8 | AN58: =(Y58/J58)*16 -> 5.0434783 | AO58: =(Z58/K58)*16 -> 4 | AP58: =AVERAGE(AF58:AO58) -> 5.2325829
A59: NC 25202G | B59: 0 | C59: 13 | D59: 1 | E59: 11 | F59: 2 | G59: 0 | H59: 7 | I59: 16 | J59: 17 | K59: 13 | L59: =SUM(B59:K59) -> 80 | M59: =AVERAGE(B59:K59) -> 8 | N59: =(L59/(L59+'Marketable Yield'!L59))*100 -> 52.631579 | Q59: 0 | R59: 6 | S59: 0.7 | T59: 1.8 | U59: 0.65 | V59: 0 | W59: 1.5 | X59: 4.75 | Y59: 3.55 | Z59: 1.8 | AA59: =SUM(Q59:Z59) -> 20.75 | AB59: =AVERAGE(Q59:Z59) -> 2.075 | AC59: =(AA59/(AA59+'Marketable Yield'!AA59))*100 -> 43.887479 | AF59: . | AG59: =(R59/C59)*16 -> 7.3846154 | AH59: =(S59/D59)*16 -> 11.2 | AI59: =(T59/E59)*16 -> 2.6181818 | AJ59: =(U59/F59)*16 -> 5.2 | AK59: . | AL59: =(W59/H59)*16 -> 3.4285714 | AM59: =(X59/I59)*16 -> 4.75 | AN59: =(Y59/J59)*16 -> 3.3411765 | AO59: =(Z59/K59)*16 -> 2.2153846 | AP59: =AVERAGE(AF59:AO59) -> 5.0172412
A60: NC 25203G | B60: 3 | C60: 9 | D60: 11 | E60: 1 | F60: 3 | G60: 0 | H60: 0 | I60: 5 | J60: 19 | K60: 10 | L60: =SUM(B60:K60) -> 61 | M60: =AVERAGE(B60:K60) -> 6.1 | N60: =(L60/(L60+'Marketable Yield'!L60))*100 -> 52.136752 | Q60: 2.1 | R60: 6.15 | S60: 9.6 | T60: 0.22 | U60: 2.15 | V60: 0 | W60: 0 | X60: 1.85 | Y60: 7.05 | Z60: 3.45 | AA60: =SUM(Q60:Z60) -> 32.57 | AB60: =AVERAGE(Q60:Z60) -> 3.257 | AC60: =(AA60/(AA60+'Marketable Yield'!AA60))*100 -> 56.164856 | AF60: =(Q60/B60)*16 -> 11.2 | AG60: =(R60/C60)*16 -> 10.933333 | AH60: =(S60/D60)*16 -> 13.963636 | AI60: =(T60/E60)*16 -> 3.52 | AJ60: =(U60/F60)*16 -> 11.466667 | AK60: . | AL60: . | AM60: =(X60/I60)*16 -> 5.92 | AN60: =(Y60/J60)*16 -> 5.9368421 | AO60: =(Z60/K60)*16 -> 5.52 | AP60: =AVERAGE(AF60:AO60) -> 8.5575598
A61: NC 25205G | B61: 4 | C61: 12 | D61: 2 | E61: 11 | F61: 8 | G61: 1 | H61: 3 | I61: 4 | J61: 3 | K61: 30 | L61: =SUM(B61:K61) -> 78 | M61: =AVERAGE(B61:K61) -> 7.8 | N61: =(L61/(L61+'Marketable Yield'!L61))*100 -> 68.421053 | Q61: 3.15 | R61: 6.5 | S61: 1.15 | T61: 2.84 | U61: 4.65 | V61: 0.55 | W61: 0.6 | X61: 0.6 | Y61: 1.1 | Z61: 11.55 | AA61: =SUM(Q61:Z61) -> 32.69 | AB61: =AVERAGE(Q61:Z61) -> 3.269 | AC61: =(AA61/(AA61+'Marketable Yield'!AA61))*100 -> 61.240165 | AF61: =(Q61/B61)*16 -> 12.6 | AG61: =(R61/C61)*16 -> 8.6666667 | AH61: =(S61/D61)*16 -> 9.2 | AI61: =(T61/E61)*16 -> 4.1309091 | AJ61: =(U61/F61)*16 -> 9.3 | AK61: =(V61/G61)*16 -> 8.8 | AL61: =(W61/H61)*16 -> 3.2 | AM61: =(X61/I61)*16 -> 2.4 | ... AO61: =(Z61/K61)*16 -> 6.16 | AP61: =AVERAGE(AF61:AO61) -> 7.0324242
A62: NC 25207G | B62: 1 | C62: 12 | D62: 4 | E62: 13 | F62: 1 | G62: 0 | H62: 0 | I62: 6 | J62: 20 | K62: 6 | L62: =SUM(B62:K62) -> 63 | M62: =AVERAGE(B62:K62) -> 6.3 | N62: =(L62/(L62+'Marketable Yield'!L62))*100 -> 56.25 | Q62: 1.1 | R62: 8.65 | S62: 1.96 | T62: 2.9 | U62: 0.2 | V62: 0 | W62: 0 | X62: 1.75 | Y62: 5.75 | Z62: 1.55 | AA62: =SUM(Q62:Z62) -> 23.86 | AB62: =AVERAGE(Q62:Z62) -> 2.386 | AC62: =(AA62/(AA62+'Marketable Yield'!AA62))*100 -> 53.247043 | AF62: =(Q62/B62)*16 -> 17.6 | AG62: =(R62/C62)*16 -> 11.533333 | AH62: =(S62/D62)*16 -> 7.84 | AI62: =(T62/E62)*16 -> 3.5692308 | AJ62: =(U62/F62)*16 -> 3.2 | AK62: . | AL62: . | AM62: =(X62/I62)*16 -> 4.6666667 | AN62: =(Y62/J62)*16 -> 4.6 | AO62: =(Z62/K62)*16 -> 4.1333333 | AP62: =AVERAGE(AF62:AO62) -> 7.1428205
A63: NC 25208G | B63: 1 | C63: 12 | D63: 5 | E63: 20 | F63: 5 | G63: 0 | H63: 0 | I63: 10 | J63: 13 | K63: 11 | L63: =SUM(B63:K63) -> 77 | M63: =AVERAGE(B63:K63) -> 7.7 | N63: =(L63/(L63+'Marketable Yield'!L63))*100 -> 58.778626 | Q63: 1.3 | R63: 7.6 | S63: 2.55 | T63: 4.92 | U63: 2.3 | V63: 0 | W63: 0 | X63: 3.45 | Y63: 1.6 | Z63: 3.55 | AA63: =SUM(Q63:Z63) -> 27.27 | AB63: =AVERAGE(Q63:Z63) -> 2.727 | AC63: =(AA63/(AA63+'Marketable Yield'!AA63))*100 -> 58.219471 | AF63: =(Q63/B63)*16 -> 20.8 | AG63: =(R63/C63)*16 -> 10.133333 | AH63: =(S63/D63)*16 -> 8.16 | AI63: =(T63/E63)*16 -> 3.936 | AJ63: =(U63/F63)*16 -> 7.36 | AK63: . | AL63: . | AM63: =(X63/I63)*16 -> 5.52 | AN63: =(Y63/J63)*16 -> 1.9692308 | AO63: =(Z63/K63)*16 -> 5.1636364 | AP63: =AVERAGE(AF63:AO63) -> 7.8802751
A64: NC 25209G | B64: 3 | C64: 5 | D64: 2 | E64: 9 | F64: 2 | G64: 0 | H64: 0 | I64: 1 | J64: 18 | K64: 15 | L64: =SUM(B64:K64) -> 55 | M64: =AVERAGE(B64:K64) -> 5.5 | N64: =(L64/(L64+'Marketable Yield'!L64))*100 -> 37.671233 | Q64: 2.15 | R64: 3.15 | S64: 1.5 | T64: 2.8 | U64: 1.7 | V64: 0 | W64: 0 | X64: 0.2 | Y64: 6.9 | Z64: 5 | AA64: =SUM(Q64:Z64) -> 23.4 | AB64: =AVERAGE(Q64:Z64) -> 2.34 | AC64: =(AA64/(AA64+'Marketable Yield'!AA64))*100 -> 35.198556 | AF64: =(Q64/B64)*16 -> 11.466667 | AG64: =(R64/C64)*16 -> 10.08 | AH64: =(S64/D64)*16 -> 12 | AI64: =(T64/E64)*16 -> 4.9777778 | AJ64: =(U64/F64)*16 -> 13.6 | AK64: . | AL64: . | AM64: =(X64/I64)*16 -> 3.2 | AN64: =(Y64/J64)*16 -> 6.1333333 | AO64: =(Z64/K64)*16 -> 5.3333333 | AP64: =AVERAGE(AF64:AO64) -> 8.3488889
A65: NC 25210G | B65: 1 | C65: 10 | D65: 1 | E65: 11 | F65: 2 | G65: 0 | H65: 0 | I65: 2 | J65: 7 | K65: 9 | L65: =SUM(B65:K65) -> 43 | M65: =AVERAGE(B65:K65) -> 4.3 | N65: =(L65/(L65+'Marketable Yield'!L65))*100 -> 58.108108 | Q65: 1.1 | R65: 6.7 | S65: 0.9 | T65: 3.06 | U65: 1.65 | V65: 0 | W65: 0 | X65: 1.3 | Y65: 3.75 | Z65: 3.3 | AA65: =SUM(Q65:Z65) -> 21.76 | AB65: =AVERAGE(Q65:Z65) -> 2.176 | AC65: =(AA65/(AA65+'Marketable Yield'!AA65))*100 -> 53.163938 | AF65: =(Q65/B65)*16 -> 17.6 | AG65: =(R65/C65)*16 -> 10.72 | AH65: =(S65/D65)*16 -> 14.4 | AI65: =(T65/E65)*16 -> 4.4509091 | AJ65: =(U65/F65)*16 -> 13.2 | AK65: . | AL65: . | AM65: =(X65/I65)*16 -> 10.4 | AN65: =(Y65/J65)*16 -> 8.5714286 | AO65: =(Z65/K65)*16 -> 5.8666667 | AP65: =AVERAGE(AF65:AO65) -> 10.651126
A66: NC 25212G | B66: 1 | C66: 8 | D66: 3 | E66: 24 | F66: 1 | G66: 0 | H66: 0 | I66: 1 | J66: 10 | K66: 13 | L66: =SUM(B66:K66) -> 61 | M66: =AVERAGE(B66:K66) -> 6.1 | N66: =(L66/(L66+'Marketable Yield'!L66))*100 -> 52.136752 | Q66: 0.75 | R66: 6.45 | S66: 2.5 | T66: 9.34 | U66: 0.4 | V66: 0 | W66: 0 | X66: 0.35 | Y66: 4.75 | Z66: 4.9 | AA66: =SUM(Q66:Z66) -> 29.44 | AB66: =AVERAGE(Q66:Z66) -> 2.944 | AC66: =(AA66/(AA66+'Marketable Yield'!AA66))*100 -> 49.915226 | AF66: =(Q66/B66)*16 -> 12 | AG66: =(R66/C66)*16 -> 12.9 | AH66: =(S66/D66)*16 -> 13.333333 | AI66: =(T66/E66)*16 -> 6.2266667 | AJ66: =(U66/F66)*16 -> 6.4 | AK66: . | AL66: . | AM66: =(X66/I66)*16 -> 5.6 | AN66: =(Y66/J66)*16 -> 7.6 | AO66: =(Z66/K66)*16 -> 6.0307692 | AP66: =AVERAGE(AF66:AO66) -> 8.7613462
A67: NC 25217G | B67: 2 | C67: 6 | D67: 1 | E67: 7 | F67: 3 | G67: 4 | H67: 9 | I67: 9 | J67: 23 | K67: 16 | L67: =SUM(B67:K67) -> 80 | M67: =AVERAGE(B67:K67) -> 8 | N67: =(L67/(L67+'Marketable Yield'!L67))*100 -> 58.394161 | Q67: 1.5 | R67: 4.05 | S67: 0.7 | T67: 1.64 | U67: 0.75 | V67: 1.05 | W67: 2.85 | X67: 3.1 | Y67: 9.45 | Z67: 2.85 | AA67: =SUM(Q67:Z67) -> 27.94 | AB67: =AVERAGE(Q67:Z67) -> 2.794 | AC67: =(AA67/(AA67+'Marketable Yield'!AA67))*100 -> 50.744642 | AF67: =(Q67/B67)*16 -> 12 | AG67: =(R67/C67)*16 -> 10.8 | AH67: =(S67/D67)*16 -> 11.2 | AI67: =(T67/E67)*16 -> 3.7485714 | AJ67: =(U67/F67)*16 -> 4 | AK67: =(V67/G67)*16 -> 4.2 | AL67: =(W67/H67)*16 -> 5.0666667 | AM67: =(X67/I67)*16 -> 5.5111111 | ... AO67: =(Z67/K67)*16 -> 2.85 | AP67: =AVERAGE(AF67:AO67) -> 6.5950262
A68: NC 25230G | B68: 4 | C68: 8 | D68: 5 | E68: 8 | F68: 3 | G68: 2 | H68: 1 | I68: 7 | J68: 25 | K68: 16 | L68: =SUM(B68:K68) -> 79 | M68: =AVERAGE(B68:K68) -> 7.9 | N68: =(L68/(L68+'Marketable Yield'!L68))*100 -> 58.955224 | Q68: 2.45 | R68: 4.85 | S68: 4.05 | T68: 2.08 | U68: 2.85 | V68: 0.7 | W68: 0.4 | X68: 3.7 | Y68: 10.2 | Z68: 5.7 | AA68: =SUM(Q68:Z68) -> 36.98 | AB68: =AVERAGE(Q68:Z68) -> 3.698 | AC68: =(AA68/(AA68+'Marketable Yield'!AA68))*100 -> 55.759952 | AF68: =(Q68/B68)*16 -> 9.8 | AG68: =(R68/C68)*16 -> 9.7 | AH68: =(S68/D68)*16 -> 12.96 | AI68: =(T68/E68)*16 -> 4.16 | AJ68: =(U68/F68)*16 -> 15.2 | AK68: =(V68/G68)*16 -> 5.6 | AL68: =(W68/H68)*16 -> 6.4 | AM68: =(X68/I68)*16 -> 8.4571429 | ... AO68: =(Z68/K68)*16 -> 5.7 | AP68: =AVERAGE(AF68:AO68) -> 8.4505143
A69: NC 25231G | B69: 1 | C69: 5 | D69: 4 | E69: 13 | F69: 5 | G69: 0 | H69: 5 | I69: 9 | J69: 28 | K69: 10 | L69: =SUM(B69:K69) -> 80 | M69: =AVERAGE(B69:K69) -> 8 | N69: =(L69/(L69+'Marketable Yield'!L69))*100 -> 65.57377 | Q69: 0.65 | R69: 4.05 | S69: 2.5 | T69: 3.98 | U69: 2.4 | V69: 0 | W69: 2.5 | X69: 4.25 | Y69: 10.2 | Z69: 2.7 | AA69: =SUM(Q69:Z69) -> 33.23 | AB69: =AVERAGE(Q69:Z69) -> 3.323 | AC69: =(AA69/(AA69+'Marketable Yield'!AA69))*100 -> 64.10108 | AF69: =(Q69/B69)*16 -> 10.4 | AG69: =(R69/C69)*16 -> 12.96 | AH69: =(S69/D69)*16 -> 10 | AI69: =(T69/E69)*16 -> 4.8984615 | AJ69: =(U69/F69)*16 -> 7.68 | AK69: . | AL69: =(W69/H69)*16 -> 8 | AM69: =(X69/I69)*16 -> 7.5555556 | AN69: =(Y69/J69)*16 -> 5.8285714 | AO69: =(Z69/K69)*16 -> 4.32 | AP69: =AVERAGE(AF69:AO69) -> 7.9602876
A70: NC 25240G | B70: 2 | C70: 5 | D70: 3 | E70: 13 | F70: 7 | G70: 2 | H70: 3 | I70: 8 | J70: 16 | K70: 11 | L70: =SUM(B70:K70) -> 70 | M70: =AVERAGE(B70:K70) -> 7 | N70: =(L70/(L70+'Marketable Yield'!L70))*100 -> 50 | Q70: 1.45 | R70: 3.2 | S70: 2.6 | T70: 4.52 | U70: 4.85 | V70: 0.45 | W70: 0.85 | X70: 3.4 | Y70: 5.55 | Z70: 3.6 | AA70: =SUM(Q70:Z70) -> 30.47 | AB70: =AVERAGE(Q70:Z70) -> 3.047 | AC70: =(AA70/(AA70+'Marketable Yield'!AA70))*100 -> 51.670341 | AF70: =(Q70/B70)*16 -> 11.6 | AG70: =(R70/C70)*16 -> 10.24 | AH70: =(S70/D70)*16 -> 13.866667 | AI70: =(T70/E70)*16 -> 5.5630769 | AJ70: =(U70/F70)*16 -> 11.085714 | AK70: =(V70/G70)*16 -> 3.6 | AL70: =(W70/H70)*16 -> 4.5333333 | AM70: =(X70/I70)*16 -> 6.8 | ... AO70: =(Z70/K70)*16 -> 5.2363636 | AP70: =AVERAGE(AF70:AO70) -> 7.8075155
A71: NC 25241G | B71: 1 | C71: 6 | D71: 2 | E71: 17 | F71: 5 | G71: 3 | H71: 3 | I71: 7 | J71: 40 | K71: 14 | L71: =SUM(B71:K71) -> 98 | M71: =AVERAGE(B71:K71) -> 9.8 | N71: =(L71/(L71+'Marketable Yield'!L71))*100 -> 67.586207 | Q71: 0.5 | R71: 3.65 | S71: 1.15 | T71: 9.8 | U71: 1.35 | V71: 0.85 | W71: 1 | X71: 3.05 | Y71: 13.8 | Z71: 3.45 | AA71: =SUM(Q71:Z71) -> 38.6 | AB71: =AVERAGE(Q71:Z71) -> 3.86 | AC71: =(AA71/(AA71+'Marketable Yield'!AA71))*100 -> 61.318507 | AF71: =(Q71/B71)*16 -> 8 | AG71: =(R71/C71)*16 -> 9.7333333 | AH71: =(S71/D71)*16 -> 9.2 | AI71: =(T71/E71)*16 -> 9.2235294 | AJ71: =(U71/F71)*16 -> 4.32 | AK71: =(V71/G71)*16 -> 4.5333333 | AL71: =(W71/H71)*16 -> 5.3333333 | AM71: =(X71/I71)*16 -> 6.9714286 | ... AO71: =(Z71/K71)*16 -> 3.9428571 | AP71: =AVERAGE(AF71:AO71) -> 6.6777815
A73: NC 252G | B73: 2 | C73: 6 | D73: 2 | E73: 4 | F73: 1 | G73: 0 | H73: 2 | I73: 11 | J73: 13 | K73: 11 | L73: =SUM(B73:K73) -> 52 | M73: =AVERAGE(B73:K73) -> 5.2 | N73: =(L73/(L73+'Marketable Yield'!L73))*100 -> 31.137725 | Q73: 0.7 | R73: 3.05 | S73: 1.1 | T73: 0.6 | U73: 0.2 | V73: 0 | W73: 1.55 | X73: 4.15 | Y73: 3.4 | Z73: 4 | AA73: =SUM(Q73:Z73) -> 18.75 | AB73: =AVERAGE(Q73:Z73) -> 1.875 | AC73: =(AA73/(AA73+'Marketable Yield'!AA73))*100 -> 28.930721 | AF73: =(Q73/B73)*16 -> 5.6 | AG73: =(R73/C73)*16 -> 8.1333333 | AH73: =(S73/D73)*16 -> 8.8 | AI73: =(T73/E73)*16 -> 2.4 | AJ73: =(U73/F73)*16 -> 3.2 | AK73: . | AL73: =(W73/H73)*16 -> 12.4 | AM73: =(X73/I73)*16 -> 6.0363636 | AN73: =(Y73/J73)*16 -> 4.1846154 | AO73: =(Z73/K73)*16 -> 5.8181818 | AP73: =AVERAGE(AF73:AO73) -> 6.2858327
A74: NC 255G | B74: 6 | C74: 7 | D74: 3 | E74: 8 | F74: 3 | G74: 0 | H74: 7 | I74: 18 | J74: 17 | K74: 13 | L74: =SUM(B74:K74) -> 82 | M74: =AVERAGE(B74:K74) -> 8.2 | N74: =(L74/(L74+'Marketable Yield'!L74))*100 -> 52.903226 | Q74: 2.4 | R74: 4.1 | S74: 1.7 | T74: 1.74 | U74: 0.85 | V74: 0 | W74: 1.85 | X74: 5.4 | Y74: 5.1 | Z74: 2.4 | AA74: =SUM(Q74:Z74) -> 25.54 | AB74: =AVERAGE(Q74:Z74) -> 2.554 | AC74: =(AA74/(AA74+'Marketable Yield'!AA74))*100 -> 44.518041 | AF74: =(Q74/B74)*16 -> 6.4 | AG74: =(R74/C74)*16 -> 9.3714286 | AH74: =(S74/D74)*16 -> 9.0666667 | AI74: =(T74/E74)*16 -> 3.48 | AJ74: =(U74/F74)*16 -> 4.5333333 | AK74: . | AL74: =(W74/H74)*16 -> 4.2285714 | AM74: =(X74/I74)*16 -> 4.8 | AN74: =(Y74/J74)*16 -> 4.8 | AO74: =(Z74/K74)*16 -> 2.9538462 | AP74: =AVERAGE(AF74:AO74) -> 5.5148718
A75: NC 261G | B75: . | C75: 7 | D75: 0 | E75: 13 | F75: 2 | G75: 1 | H75: 1 | I75: 3 | J75: 10 | K75: 22 | L75: =SUM(B75:K75) -> 59 | M75: =AVERAGE(B75:K75) -> 6.5555556 | N75: =(L75/(L75+'Marketable Yield'!L75))*100 -> 46.825397 | Q75: . | R75: 5.85 | S75: 0 | T75: 3.6 | U75: 1.35 | V75: 0.4 | W75: 0.65 | X75: 1.6 | Y75: 3.25 | Z75: 5.45 | AA75: =SUM(Q75:Z75) -> 22.15 | AB75: =AVERAGE(Q75:Z75) -> 2.4611111 | AC75: =(AA75/(AA75+'Marketable Yield'!AA75))*100 -> 41.911069 | AF75: . | AG75: =(R75/C75)*16 -> 13.371429 | AH75: . | AI75: =(T75/E75)*16 -> 4.4307692 | AJ75: =(U75/F75)*16 -> 10.8 | AK75: =(V75/G75)*16 -> 6.4 | AL75: =(W75/H75)*16 -> 10.4 | AM75: =(X75/I75)*16 -> 8.5333333 | AN75: =(Y75/J75)*16 -> 5.2 | AO75: =(Z75/K75)*16 -> 3.9636364 | AP75: =AVERAGE(AF75:AO75) -> 7.8873959
A76: NC 262G | B76: 0 | C76: 5 | D76: 4 | E76: 3 | F76: 0 | G76: 0 | H76: 5 | I76: 5 | J76: 9 | K76: 26 | L76: =SUM(B76:K76) -> 57 | M76: =AVERAGE(B76:K76) -> 5.7 | N76: =(L76/(L76+'Marketable Yield'!L76))*100 -> 45.6 | Q76: 0 | R76: 4.15 | S76: 2.35 | T76: 0.88 | U76: 0 | V76: 0 | W76: 1.8 | X76: 2 | Y76: 2.75 | Z76: 8.05 | AA76: =SUM(Q76:Z76) -> 21.98 | AB76: =AVERAGE(Q76:Z76) -> 2.198 | AC76: =(AA76/(AA76+'Marketable Yield'!AA76))*100 -> 38.246041 | AF76: . | AG76: =(R76/C76)*16 -> 13.28 | AH76: =(S76/D76)*16 -> 9.4 | AI76: =(T76/E76)*16 -> 4.6933333 | AJ76: . | AK76: . | AL76: =(W76/H76)*16 -> 5.76 | AM76: =(X76/I76)*16 -> 6.4 | AN76: =(Y76/J76)*16 -> 4.8888889 | AO76: =(Z76/K76)*16 -> 4.9538462 | AP76: =AVERAGE(AF76:AO76) -> 7.0537241
A77: NC 263G | B77: 2 | C77: 14 | D77: 6 | E77: 8 | F77: 2 | G77: 1 | H77: 2 | I77: 6 | J77: 9 | K77: 12 | L77: =SUM(B77:K77) -> 62 | M77: =AVERAGE(B77:K77) -> 6.2 | N77: =(L77/(L77+'Marketable Yield'!L77))*100 -> 68.888889 | Q77: 1.4 | R77: 12.1 | S77: 3.95 | T77: 2.2 | U77: 1 | V77: 0.3 | W77: 0.55 | X77: 3 | Y77: 3.15 | Z77: 4.45 | AA77: =SUM(Q77:Z77) -> 32.1 | AB77: =AVERAGE(Q77:Z77) -> 3.21 | AC77: =(AA77/(AA77+'Marketable Yield'!AA77))*100 -> 64.522613 | AF77: =(Q77/B77)*16 -> 11.2 | AG77: =(R77/C77)*16 -> 13.828571 | AH77: =(S77/D77)*16 -> 10.533333 | AI77: =(T77/E77)*16 -> 4.4 | AJ77: =(U77/F77)*16 -> 8 | AK77: =(V77/G77)*16 -> 4.8 | AL77: =(W77/H77)*16 -> 4.4 | AM77: =(X77/I77)*16 -> 8 | ... AO77: =(Z77/K77)*16 -> 5.9333333 | AP77: =AVERAGE(AF77:AO77) -> 7.6695238
A78: NC 264G | B78: . | C78: 5 | D78: 3 | E78: 4 | F78: 1 | G78: 2 | H78: 1 | I78: 3 | J78: 11 | K78: 5 | L78: =SUM(B78:K78) -> 35 | M78: =AVERAGE(B78:K78) -> 3.8888889 | N78: =(L78/(L78+'Marketable Yield'!L78))*100 -> 40.229885 | Q78: . | R78: 7.5 | S78: 1.65 | T78: 1.12 | U78: 0.55 | V78: 0.8 | W78: 0.55 | X78: 0.85 | Y78: 3.35 | Z78: 1.4 | AA78: =SUM(Q78:Z78) -> 17.77 | AB78: =AVERAGE(Q78:Z78) -> 1.9744444 | AC78: =(AA78/(AA78+'Marketable Yield'!AA78))*100 -> 42.562874 | AF78: . | AG78: =(R78/C78)*16 -> 24 | AH78: =(S78/D78)*16 -> 8.8 | AI78: =(T78/E78)*16 -> 4.48 | AJ78: =(U78/F78)*16 -> 8.8 | AK78: =(V78/G78)*16 -> 6.4 | AL78: =(W78/H78)*16 -> 8.8 | AM78: =(X78/I78)*16 -> 4.5333333 | AN78: =(Y78/J78)*16 -> 4.8727273 | AO78: =(Z78/K78)*16 -> 4.48 | AP78: =AVERAGE(AF78:AO78) -> 8.3517845
A79: Mountain Gem | B79: . | C79: 1 | D79: 4 | E79: 22 | F79: 0 | G79: 0 | H79: 1 | I79: 0 | J79: 5 | K79: 11 | L79: =SUM(B79:K79) -> 44 | M79: =AVERAGE(B79:K79) -> 4.8888889 | N79: =(L79/(L79+'Marketable Yield'!L79))*100 -> 39.285714 | Q79: . | R79: 0.7 | S79: 2.55 | T79: 5.72 | U79: 0 | V79: 0 | W79: 0.55 | X79: 0 | Y79: 2 | Z79: 5 | AA79: =SUM(Q79:Z79) -> 16.52 | AB79: =AVERAGE(Q79:Z79) -> 1.8355556 | AC79: =(AA79/(AA79+'Marketable Yield'!AA79))*100 -> 33.762518 | AF79: . | AG79: =(R79/C79)*16 -> 11.2 | AH79: =(S79/D79)*16 -> 10.2 | AI79: =(T79/E79)*16 -> 4.16 | AJ79: . | AK79: . | AL79: =(W79/H79)*16 -> 8.8 | AM79: . | AN79: =(Y79/J79)*16 -> 6.4 | AO79: =(Z79/K79)*16 -> 7.2727273 | AP79: =AVERAGE(AF79:AO79) -> 8.0054545
A80: Mountain Heritage | B80: 5 | C80: 5 | D80: 4 | E80: 5 | F80: 2 | G80: 0 | H80: 0 | I80: 4 | J80: 9 | K80: 4 | L80: =SUM(B80:K80) -> 38 | M80: =AVERAGE(B80:K80) -> 3.8 | N80: =(L80/(L80+'Marketable Yield'!L80))*100 -> 33.928571 | Q80: 2.9 | R80: 3.5 | S80: 2.85 | T80: 1.46 | U80: 1.35 | V80: 0 | W80: 0 | X80: 1.7 | Y80: 3.75 | Z80: 1.3 | AA80: =SUM(Q80:Z80) -> 18.81 | AB80: =AVERAGE(Q80:Z80) -> 1.881 | AC80: =(AA80/(AA80+'Marketable Yield'!AA80))*100 -> 34.685598 | AF80: =(Q80/B80)*16 -> 9.28 | AG80: =(R80/C80)*16 -> 11.2 | AH80: =(S80/D80)*16 -> 11.4 | AI80: =(T80/E80)*16 -> 4.672 | AJ80: =(U80/F80)*16 -> 10.8 | AK80: . | AL80: . | AM80: =(X80/I80)*16 -> 6.8 | AN80: =(Y80/J80)*16 -> 6.6666667 | AO80: =(Z80/K80)*16 -> 5.2 | AP80: =AVERAGE(AF80:AO80) -> 8.2523333
A81: Mountain Girl | B81: 0 | C81: 5 | D81: 3 | E81: 8 | F81: 7 | G81: 0 | H81: 2 | I81: 3 | J81: 10 | K81: 13 | L81: =SUM(B81:K81) -> 51 | M81: =AVERAGE(B81:K81) -> 5.1 | N81: =(L81/(L81+'Marketable Yield'!L81))*100 -> 50 | Q81: 0 | R81: 4.35 | S81: 2.2 | T81: 2.5 | U81: 2.25 | V81: 0 | W81: 0.45 | X81: 0.7 | Y81: 2.5 | Z81: 2.85 | AA81: =SUM(Q81:Z81) -> 17.8 | AB81: =AVERAGE(Q81:Z81) -> 1.78 | AC81: =(AA81/(AA81+'Marketable Yield'!AA81))*100 -> 41.961339 | AF81: . | AG81: =(R81/C81)*16 -> 13.92 | AH81: =(S81/D81)*16 -> 11.733333 | AI81: =(T81/E81)*16 -> 5 | AJ81: =(U81/F81)*16 -> 5.1428571 | AK81: . | AL81: =(W81/H81)*16 -> 3.6 | AM81: =(X81/I81)*16 -> 3.7333333 | AN81: =(Y81/J81)*16 -> 4 | AO81: =(Z81/K81)*16 -> 3.5076923 | AP81: =AVERAGE(AF81:AO81) -> 6.329652
A82: Mountain Magic | B82: 1 | C82: 42 | D82: 4 | E82: . | F82: . | G82: . | H82: . | I82: . | J82: . | K82: . | L82: =SUM(B82:K82) -> 47 | M82: =AVERAGE(B82:K82) -> 15.666667 | N82: =(L82/(L82+'Marketable Yield'!L82))*100 -> 36.153846 | Q82: 0.2 | R82: 10.85 | S82: 0.2 | T82: 1.92 | U82: 0.65 | V82: 3.9 | W82: 55 | X82: 0.8 | Y82: 0.55 | Z82: 0.7 | AA82: =SUM(Q82:Z82) -> 74.77 | AB82: =AVERAGE(Q82:Z82) -> 7.477 | AC82: =(AA82/(AA82+'Marketable Yield'!AA82))*100 -> 63.753411 | AF82: =(Q82/B82)*16 -> 3.2 | AG82: =(R82/C82)*16 -> 4.1333333 | AH82: =(S82/D82)*16 -> 0.8 | AI82: . | AJ82: . | AK82: . | AL82: . | AM82: . | AN82: . | AO82: . | AP82: =AVERAGE(AF82:AO82) -> 2.7111111
A83: NC 25218G | B83: 3 | C83: 4 | D83: 6 | E83: 2 | F83: 3 | G83: 3 | H83: 7 | I83: 4 | J83: 9 | K83: 8 | L83: =SUM(B83:K83) -> 49 | M83: =AVERAGE(B83:K83) -> 4.9 | N83: =(L83/(L83+'Marketable Yield'!L83))*100 -> 39.2 | Q83: 2.05 | R83: 1.65 | S83: 2.7 | T83: 0.28 | U83: 1.05 | V83: 0.95 | W83: 2.1 | X83: 1.15 | Y83: 2.45 | Z83: 2.2 | AA83: =SUM(Q83:Z83) -> 16.58 | AB83: =AVERAGE(Q83:Z83) -> 1.658 | AC83: =(AA83/(AA83+'Marketable Yield'!AA83))*100 -> 35.856401 | AF83: =(Q83/B83)*16 -> 10.933333 | AG83: =(R83/C83)*16 -> 6.6 | AH83: =(S83/D83)*16 -> 7.2 | AI83: =(T83/E83)*16 -> 2.24 | AJ83: =(U83/F83)*16 -> 5.6 | AK83: =(V83/G83)*16 -> 5.0666667 | AL83: =(W83/H83)*16 -> 4.8 | AM83: =(X83/I83)*16 -> 4.6 | ... AO83: =(Z83/K83)*16 -> 4.4 | AP83: =AVERAGE(AF83:AO83) -> 5.5795556
A84: NC 25304G | B84: 1 | C84: 10 | D84: 5 | E84: 23 | F84: 1 | G84: 2 | H84: 0 | I84: 0 | J84: 4 | K84: 28 | L84: =SUM(B84:K84) -> 74 | M84: =AVERAGE(B84:K84) -> 7.4 | N84: =(L84/(L84+'Marketable Yield'!L84))*100 -> 49.006623 | Q84: 0.7 | R84: 5.8 | S84: 2.95 | T84: 4.34 | U84: 0.65 | V84: 0.45 | W84: 0 | X84: 0 | Y84: 1.55 | Z84: 10.6 | AA84: =SUM(Q84:Z84) -> 27.04 | AB84: =AVERAGE(Q84:Z84) -> 2.704 | AC84: =(AA84/(AA84+'Marketable Yield'!AA84))*100 -> 47.47191 | AF84: =(Q84/B84)*16 -> 11.2 | AG84: =(R84/C84)*16 -> 9.28 | AH84: =(S84/D84)*16 -> 9.44 | AI84: =(T84/E84)*16 -> 3.0191304 | AJ84: =(U84/F84)*16 -> 10.4 | AK84: =(V84/G84)*16 -> 3.6 | AL84: . | AM84: . | AN84: =(Y84/J84)*16 -> 6.2 | AO84: =(Z84/K84)*16 -> 6.0571429 | AP84: =AVERAGE(AF84:AO84) -> 7.3995342
A85: NC 25306G | B85: 0 | C85: 8 | D85: 4 | E85: 25 | F85: 3 | G85: 0 | H85: 1 | I85: 7 | J85: 11 | K85: 17 | L85: =SUM(B85:K85) -> 76 | M85: =AVERAGE(B85:K85) -> 7.6 | N85: =(L85/(L85+'Marketable Yield'!L85))*100 -> 54.676259 | Q85: 0 | R85: 5.15 | S85: 2.65 | T85: 5.34 | U85: 1.05 | V85: 0 | W85: 0.65 | X85: 2.9 | Y85: 4.75 | Z85: 7.2 | AA85: =SUM(Q85:Z85) -> 29.69 | AB85: =AVERAGE(Q85:Z85) -> 2.969 | AC85: =(AA85/(AA85+'Marketable Yield'!AA85))*100 -> 49.765337 | AF85: . | AG85: =(R85/C85)*16 -> 10.3 | AH85: =(S85/D85)*16 -> 10.6 | AI85: =(T85/E85)*16 -> 3.4176 | AJ85: =(U85/F85)*16 -> 5.6 | AK85: . | AL85: =(W85/H85)*16 -> 10.4 | AM85: =(X85/I85)*16 -> 6.6285714 | AN85: =(Y85/J85)*16 -> 6.9090909 | AO85: =(Z85/K85)*16 -> 6.7764706 | AP85: =AVERAGE(AF85:AO85) -> 7.5789666
A86: NC 25311G | B86: 0 | C86: 3 | D86: 4 | E86: 17 | F86: 5 | G86: 0 | H86: 0 | I86: 1 | J86: 2 | K86: 29 | L86: =SUM(B86:K86) -> 61 | M86: =AVERAGE(B86:K86) -> 6.1 | N86: =(L86/(L86+'Marketable Yield'!L86))*100 -> 57.009346 | Q86: 0 | R86: 2.15 | S86: 2.5 | T86: 3.84 | U86: 3.15 | V86: 0 | W86: 0 | X86: 0.1 | Y86: 0.65 | Z86: 9.9 | AA86: =SUM(Q86:Z86) -> 22.29 | AB86: =AVERAGE(Q86:Z86) -> 2.229 | AC86: =(AA86/(AA86+'Marketable Yield'!AA86))*100 -> 49.205298 | AF86: . | AG86: =(R86/C86)*16 -> 11.466667 | AH86: =(S86/D86)*16 -> 10 | AI86: =(T86/E86)*16 -> 3.6141176 | AJ86: =(U86/F86)*16 -> 10.08 | AK86: . | AL86: . | AM86: =(X86/I86)*16 -> 1.6 | AN86: =(Y86/J86)*16 -> 5.2 | AO86: =(Z86/K86)*16 -> 5.462069 | AP86: =AVERAGE(AF86:AO86) -> 6.7746933
A87: NC 25313G | B87: . | C87: 13 | D87: 4 | E87: 18 | F87: 6 | G87: 0 | H87: 1 | I87: 0 | J87: 3 | K87: 18 | L87: =SUM(B87:K87) -> 63 | M87: =AVERAGE(B87:K87) -> 7 | N87: =(L87/(L87+'Marketable Yield'!L87))*100 -> 77.777778 | Q87: . | R87: 6.7 | S87: 3.65 | T87: 4.54 | U87: 2.6 | V87: 0 | W87: 0.85 | X87: 0 | Y87: 1.3 | Z87: 8.25 | AA87: =SUM(Q87:Z87) -> 27.89 | AB87: =AVERAGE(Q87:Z87) -> 3.0988889 | AC87: =(AA87/(AA87+'Marketable Yield'!AA87))*100 -> 77.515286 | AF87: . | AG87: =(R87/C87)*16 -> 8.2461538 | AH87: =(S87/D87)*16 -> 14.6 | AI87: =(T87/E87)*16 -> 4.0355556 | AJ87: =(U87/F87)*16 -> 6.9333333 | AK87: . | AL87: =(W87/H87)*16 -> 13.6 | AM87: . | AN87: =(Y87/J87)*16 -> 6.9333333 | AO87: =(Z87/K87)*16 -> 7.3333333 | AP87: =AVERAGE(AF87:AO87) -> 8.8116728
A88: NC 25315G | B88: . | C88: 7 | D88: 13 | E88: 11 | F88: 4 | G88: 0 | H88: 1 | I88: 9 | J88: 12 | K88: 11 | L88: =SUM(B88:K88) -> 68 | M88: =AVERAGE(B88:K88) -> 7.5555556 | N88: =(L88/(L88+'Marketable Yield'!L88))*100 -> 80 | Q88: . | R88: 4 | S88: 11.45 | T88: 4.1 | U88: 3.75 | V88: 0 | W88: 0.75 | X88: 5.05 | Y88: 7.3 | Z88: 6.55 | AA88: =SUM(Q88:Z88) -> 42.95 | AB88: =AVERAGE(Q88:Z88) -> 4.7722222 | AC88: =(AA88/(AA88+'Marketable Yield'!AA88))*100 -> 72.907825 | AF88: . | AG88: =(R88/C88)*16 -> 9.1428571 | AH88: =(S88/D88)*16 -> 14.092308 | AI88: =(T88/E88)*16 -> 5.9636364 | AJ88: =(U88/F88)*16 -> 15 | AK88: . | AL88: =(W88/H88)*16 -> 12 | AM88: =(X88/I88)*16 -> 8.9777778 | AN88: =(Y88/J88)*16 -> 9.7333333 | AO88: =(Z88/K88)*16 -> 9.5272727 | AP88: =AVERAGE(AF88:AO88) -> 10.554648
A89: NC 25317G | B89: 3 | C89: 0 | D89: 7 | E89: 25 | F89: 3 | G89: 1 | H89: 5 | I89: 11 | J89: 15 | K89: 7 | L89: =SUM(B89:K89) -> 77 | M89: =AVERAGE(B89:K89) -> 7.7 | N89: =(L89/(L89+'Marketable Yield'!L89))*100 -> 56.20438 | Q89: 2.1 | R89: 0 | S89: 3.85 | T89: 5.36 | U89: 1.45 | V89: 0.75 | W89: 1.7 | X89: 3.55 | Y89: 5.65 | Z89: 2.45 | AA89: =SUM(Q89:Z89) -> 26.86 | AB89: =AVERAGE(Q89:Z89) -> 2.686 | AC89: =(AA89/(AA89+'Marketable Yield'!AA89))*100 -> 51.436231 | AF89: =(Q89/B89)*16 -> 11.2 | AG89: . | AH89: =(S89/D89)*16 -> 8.8 | AI89: =(T89/E89)*16 -> 3.4304 | AJ89: =(U89/F89)*16 -> 7.7333333 | AK89: =(V89/G89)*16 -> 12 | AL89: =(W89/H89)*16 -> 5.44 | AM89: =(X89/I89)*16 -> 5.1636364 | AN89: =(Y89/J89)*16 -> 6.0266667 | AO89: =(Z89/K89)*16 -> 5.6 | AP89: =AVERAGE(AF89:AO89) -> 7.266004
A90: Grape Average | B90: =AVERAGE(B3:B16,B18:B19,B21,B48) -> 6.7777778 | C90: =AVERAGE(C3:C16,C18:C19,C21,C48) -> 26.055556 | D90: =AVERAGE(D3:D16,D18:D19,D21,D48) -> 10.388889 | E90: . | F90: . | G90: . | H90: . | I90: . | J90: . | K90: . | P90: Grape Average | Q90: =AVERAGE(Q3:Q16,Q18:Q19,Q21,Q48) -> 0.29555556 | R90: =AVERAGE(R3:R16,R18:R19,R21,R48) -> 1.26 | S90: =AVERAGE(S3:S16,S18:S19,S21,S48) -> 0.44555556 | T90: =AVERAGE(T3:T16,T18:T19,T21,T48) -> 0.83555556 | U90: =AVERAGE(U3:U16,U18:U19,U21,U48) -> 0.59166667 | V90: =AVERAGE(V3:V16,V18:V19,V21,V48) -> 0.805 | W90: =AVERAGE(W3:W16,W18:W19,W21,W48) -> 0.85277778 | X90: =AVERAGE(X3:X16,X18:X19,X21,X48) -> 0.25833333 | ... Z90: =AVERAGE(Z3:Z16,Z18:Z19,Z21,Z48) -> 1.3055556 | AE90: Grape Average | AF90: =AVERAGE(AF3:AF16,AF18:AF19,AF21,AF48) -> 0.79226225 | AG90: =AVERAGE(AG3:AG16,AG18:AG19,AG21,AG48) -> 0.75270306 | AH90: =AVERAGE(AH3:AH16,AH18:AH19,AH21,AH48) -> 0.78105705 | AI90: . | AJ90: . | AK90: . | AL90: . | AM90: . | AN90: . | AO90: .
A91: Grape Total | B91: =SUM(B3:B16,B18:B19,B21,B48) -> 122 | C91: =SUM(C3:C16,C18:C19,C21,C48) -> 469 | D91: =SUM(D3:D16,D18:D19,D21,D48) -> 187 | E91: . | F91: . | G91: . | H91: . | I91: . | J91: . | K91: . | P91: Grape Total | Q91: =SUM(Q3:Q16,Q18:Q19,Q21,Q48) -> 5.32 | R91: =SUM(R3:R16,R18:R19,R21,R48) -> 22.68 | S91: =SUM(S3:S16,S18:S19,S21,S48) -> 8.02 | T91: =SUM(T3:T16,T18:T19,T21,T48) -> 15.04 | U91: =SUM(U3:U16,U18:U19,U21,U48) -> 10.65 | V91: =SUM(V3:V16,V18:V19,V21,V48) -> 14.49 | W91: =SUM(W3:W16,W18:W19,W21,W48) -> 15.35 | X91: =SUM(X3:X16,X18:X19,X21,X48) -> 4.65 | ... Z91: =SUM(Z3:Z16,Z18:Z19,Z21,Z48) -> 23.5 | AE91: Slicer & Cocktail Average | AF91: =AVERAGE(AF17,AF22:AF47,AF49:AF89) -> 10.630905 | AG91: =AVERAGE(AG17,AG22:AG47,AG49:AG89) -> 10.686892 | AH91: =AVERAGE(AH17,AH22:AH47,AH49:AH89) -> 10.087384 | AI91: =AVERAGE(AI17,AI22:AI47,AI49:AI89) -> 4.6647952 | AJ91: =AVERAGE(AJ17,AJ22:AJ47,AJ49:AJ89) -> 8.090735 | AK91: =AVERAGE(AK17,AK22:AK47,AK49:AK89) -> 7.5184594 | AL91: =AVERAGE(AL17,AL22:AL47,AL49:AL89) -> 5.8731005 | AM91: =AVERAGE(AM17,AM22:AM47,AM49:AM89) -> 6.1525101 | ... AO91: =AVERAGE(AO17,AO22:AO47,AO49:AO89) -> 5.2372684
A92: % of All Harvested | B92: =(B91/(B91+'Marketable Yield'!B91))*100 -> 21.631206 | C92: =(C91/(C91+'Marketable Yield'!C91))*100 -> 25.84022 | D92: =(D91/(D91+'Marketable Yield'!D91))*100 -> 11.987179 | E92: . | F92: . | G92: . | H92: . | I92: . | J92: . | K92: . | P92: % of All Harvested | Q92: =(Q91/(Q91+'Marketable Yield'!Q91))*100 -> 17.551963 | R92: =(R91/(R91+'Marketable Yield'!R91))*100 -> 24.503025 | S92: =(S91/(S91+'Marketable Yield'!S91))*100 -> 13.411371 | T92: =(T91/(T91+'Marketable Yield'!T91))*100 -> 15.275239 | U92: =(U91/(U91+'Marketable Yield'!U91))*100 -> 23.324573 | V92: =(V91/(V91+'Marketable Yield'!V91))*100 -> 18.936226 | W92: =(W91/(W91+'Marketable Yield'!W91))*100 -> 24.033192 | X92: =(X91/(X91+'Marketable Yield'!X91))*100 -> 18.328735 | ... Z92: =(Z91/(Z91+'Marketable Yield'!Z91))*100 -> 33.638706
A93: Slicer & Cocktail Average | B93: =AVERAGE(B17,B22:B47,B49:B89) -> 2.1086957 | C93: =AVERAGE(C17,C22:C47,C49:C89) -> 8.515625 | D93: =AVERAGE(D17,D22:D47,D49:D89) -> 3.9076923 | E93: =AVERAGE(E17,E22:E47,E49:E89) -> 15.03125 | F93: =AVERAGE(F17,F22:F47,F49:F89) -> 4.8125 | G93: =AVERAGE(G17,G22:G47,G49:G89) -> 1.75 | H93: =AVERAGE(H17,H22:H47,H49:H89) -> 2.59375 | I93: =AVERAGE(I17,I22:I47,I49:I89) -> 6.84375 | ... K93: =AVERAGE(K17,K22:K47,K49:K89) -> 12.546875 | P93: Slicer & Cocktail Average | Q93: =AVERAGE(Q17,Q22:Q47,Q49:Q89) -> 1.2804348 | R93: =AVERAGE(R17,R22:R47,R49:R89) -> 5.1445312 | S93: =AVERAGE(S17,S22:S47,S49:S89) -> 2.5124615 | T93: =AVERAGE(T17,T22:T47,T49:T89) -> 3.8953846 | U93: =AVERAGE(U17,U22:U47,U49:U89) -> 1.9184615 | V93: =AVERAGE(V17,V22:V47,V49:V89) -> 0.77230769 | W93: =AVERAGE(W17,W22:W47,W49:W89) -> 1.5423077 | X93: =AVERAGE(X17,X22:X47,X49:X89) -> 2.1407692 | ... Z93: =AVERAGE(Z17,Z22:Z47,Z49:Z89) -> 4.0753846
A94: Slicer & Cocktail Total | B94: =SUM(B17,B22:B47,B49:B89) -> 97 | C94: =SUM(C17,C22:C47,C49:C89) -> 545 | D94: =SUM(D17,D22:D47,D49:D89) -> 254 | E94: =SUM(E17,E22:E47,E49:E89) -> 962 | F94: =SUM(F17,F22:F47,F49:F89) -> 308 | G94: =SUM(G17,G22:G47,G49:G89) -> 112 | H94: =SUM(H17,H22:H47,H49:H89) -> 166 | I94: =SUM(I17,I22:I47,I49:I89) -> 438 | ... K94: =SUM(K17,K22:K47,K49:K89) -> 803 | P94: Slicer & Cocktail Total | Q94: =SUM(Q17,Q22:Q47,Q49:Q89) -> 58.9 | R94: =SUM(R17,R22:R47,R49:R89) -> 329.25 | S94: =SUM(S17,S22:S47,S49:S89) -> 163.31 | T94: =SUM(T17,T22:T47,T49:T89) -> 253.2 | U94: =SUM(U17,U22:U47,U49:U89) -> 124.7 | V94: =SUM(V17,V22:V47,V49:V89) -> 50.2 | W94: =SUM(W17,W22:W47,W49:W89) -> 100.25 | X94: =SUM(X17,X22:X47,X49:X89) -> 139.15 | ... Z94: =SUM(Z17,Z22:Z47,Z49:Z89) -> 264.9
A95: % of All Harvested | B95: =(B94/(B94+'Marketable Yield'!B94))*100 -> 48.989899 | C95: =(C94/(C94+'Marketable Yield'!C94))*100 -> 63.81733 | D95: =(D94/(D94+'Marketable Yield'!D94))*100 -> 29.061785 | E95: =(E94/(E94+'Marketable Yield'!E94))*100 -> 54.814815 | F95: =(F94/(F94+'Marketable Yield'!F94))*100 -> 52.115059 | G95: =(G94/(G94+'Marketable Yield'!G94))*100 -> 43.579767 | H95: =(H94/(H94+'Marketable Yield'!H94))*100 -> 53.035144 | I95: =(I94/(I94+'Marketable Yield'!I94))*100 -> 60.833333 | ... K95: =(K94/(K94+'Marketable Yield'!K94))*100 -> 74.077491 | P95: % of All Harvested | Q95: =(Q94/(Q94+'Marketable Yield'!Q94))*100 -> 44.638121 | R95: =(R94/(R94+'Marketable Yield'!R94))*100 -> 68.337484 | S95: =(S94/(S94+'Marketable Yield'!S94))*100 -> 34.475406 | T95: =(T94/(T94+'Marketable Yield'!T94))*100 -> 51.904391 | U95: =(U94/(U94+'Marketable Yield'!U94))*100 -> 47.79609 | V95: =(V94/(V94+'Marketable Yield'!V94))*100 -> 48.544628 | W95: =(W94/(W94+'Marketable Yield'!W94))*100 -> 61.146691 | X95: =(X94/(X94+'Marketable Yield'!X94))*100 -> 55.984711 | ... Z95: =(Z94/(Z94+'Marketable Yield'!Z94))*100 -> 71.123641
P96: Combined Average | Q96: =AVERAGE(Q3:Q89) -> 1.0034375 | R96: =AVERAGE(R3:R89) -> 4.2918293 | S96: =AVERAGE(S3:S89) -> 2.0642169 | T96: =AVERAGE(T3:T89) -> 3.2318072 | U96: =AVERAGE(U3:U89) -> 1.6307229 | V96: =AVERAGE(V3:V89) -> 0.77939759 | W96: =AVERAGE(W3:W89) -> 1.3927711 | X96: =AVERAGE(X3:X89) -> 1.7325301 | ... Z96: =AVERAGE(Z3:Z89) -> 3.4746988
P97: Combined Total | Q97: =SUM(Q3:Q89) -> 64.22 | R97: =SUM(R3:R89) -> 351.93 | S97: =SUM(S3:S89) -> 171.33 | T97: =SUM(T3:T89) -> 268.24 | U97: =SUM(U3:U89) -> 135.35 | V97: =SUM(V3:V89) -> 64.69 | W97: =SUM(W3:W89) -> 115.6 | X97: =SUM(X3:X89) -> 143.8 | ... Z97: =SUM(Z3:Z89) -> 288.4
P98: % of All Harvested | Q98: =(Q97/(Q97+'Marketable Yield'!Q97))*100 -> 39.578454 | R98: =(R97/(R97+'Marketable Yield'!R97))*100 -> 61.273417 | S98: =(S97/(S97+'Marketable Yield'!S97))*100 -> 32.114339 | T98: =(T97/(T97+'Marketable Yield'!T97))*100 -> 45.752883 | U98: =(U97/(U97+'Marketable Yield'!U97))*100 -> 44.151227 | V98: =(V97/(V97+'Marketable Yield'!V97))*100 -> 35.952871 | W98: =(W97/(W97+'Marketable Yield'!W97))*100 -> 50.741814 | X98: =(X97/(X97+'Marketable Yield'!X97))*100 -> 52.497079 | ... Z98: =(Z97/(Z97+'Marketable Yield'!Z97))*100 -> 65.203138
